order_id,order_date,shipping_date,shipping_mode,delivery_days_actual,delivery_days_scheduled,distance_km,order_weight_kg,order_value,fuel_used_l,traffic_level,vehicle_capacity_kg,customer_segment,delivery_status,late_delivery_risk,actual_lead_days,shipping_delay_days,order_value_iqr_outlier
ORD10001,2026-04-13,2026-04-15,same_day,0.7184664730113185,6,-1.2502966975989969,2.5342965837403106,-0.09073317740250329,0.33,Low,1500.0,Consumer,On Time,0,2.0,0,0
ORD10002,2026-06-29,2026-06-30,first_class,-1.6387069948735846,1,-0.059926119953966406,-0.7895640578078577,-0.052345679315661,2.38,Medium,750.0,Home Office,On Time,0,1.0,0,0
ORD10003,2026-04-03,2026-04-07,first_class,-1.167272301296604,1,3.193980845872277,0.40414440788745964,-0.06078246064358603,5.68,Low,500.0,Home Office,Late,1,4.0,1,0
ORD10004,2026-01-15,2026-01-16,same_day,-1.167272301296604,2,-0.7582882281855424,0.8034193084821005,-0.08986346511912276,1.02,High,750.0,Consumer,On Time,0,1.0,0,0
ORD10005,2026-04-17,2026-04-21,first_class,-0.22440291414264277,4,-1.388434257468979,0.4164931161532734,-0.07270667379204024,0.16,Medium,750.0,Consumer,On Time,0,4.0,0,0
ORD10006,2026-03-13,2026-03-17,standard,1.6613358601652797,7,-0.8887514791738588,1.0174635850895366,-0.08681375033595284,0.69,Medium,500.0,Consumer,Late,1,4.0,1,0
ORD10007,2026-07-08,2026-07-10,standard,1.189901166588299,7,-0.29612429331189877,-1.240291909510055,-0.08472243560190294,1.6,Medium,1500.0,Consumer,On Time,0,2.0,0,0
ORD10008,2026-01-21,2026-01-22,second_class,-0.6958376077196234,2,-0.39930111272095936,0.4617717131279235,-0.08169560798408514,1.83,High,1000.0,Consumer,Late,1,1.0,1,0
ORD10009,2026-04-13,2026-04-17,second_class,-1.167272301296604,2,-0.937355435424408,-0.40469598352333297,-0.09037842633954545,0.84,Low,500.0,Corporate,On Time,0,4.0,0,0
ORD10010,2026-05-02,2026-05-03,standard,-1.167272301296604,2,-0.8742555623973791,-0.26886019259938304,-0.08805823995197433,0.83,Medium,1500.0,Consumer,On Time,0,1.0,0,0
ORD10011,2026-07-30,2026-08-01,standard,1.189901166588299,6,-0.18953666995543114,0.0007532712042146307,-0.08766343634965028,1.78,Medium,750.0,Corporate,Late,1,2.0,1,0
ORD10012,2026-08-03,2026-08-05,same_day,1.189901166588299,6,-0.7352653015405455,0.27448297109641673,-0.06323997002326985,0.87,Medium,500.0,Home Office,Late,1,2.0,1,0
ORD10013,2026-03-16,2026-03-18,standard,-0.6958376077196234,3,0.8140923915690681,-0.41498657374484427,-0.10250576308049972,2.97,Medium,1000.0,Consumer,On Time,0,2.0,0,0
ORD10014,2026-07-22,2026-07-24,standard,-0.6958376077196234,3,-0.19891638081080026,-0.2297559497576398,-0.07991613087795786,1.57,Medium,1000.0,Consumer,On Time,0,2.0,0,0
ORD10015,2026-03-29,2026-04-01,standard,-1.167272301296604,2,1.0980418201906978,-1.2094201388455212,-0.09252123719563762,3.44,Low,750.0,Consumer,On Time,0,3.0,0,0
ORD10016,2026-04-27,2026-05-01,second_class,-0.22440291414264277,4,-0.10511927225710878,-1.1517928336050576,-0.09213787717598962,1.88,High,500.0,Home Office,On Time,0,4.0,0,0
ORD10017,2026-04-10,2026-04-13,standard,-1.6387069948735846,1,-0.5536399913411245,0.7890124821719846,-0.08522595323964956,1.27,Low,1000.0,Corporate,On Time,0,3.0,0,0
ORD10018,2026-04-14,2026-04-16,second_class,0.7184664730113185,6,0.3476649517611656,1.2150429173425548,-0.07531581064218186,2.52,Medium,500.0,Corporate,On Time,0,2.0,0,0
ORD10019,2026-06-01,2026-06-05,standard,0.24703177943433785,4,-1.0413849558203205,1.035986647488257,-0.07965006758073946,0.6,Low,1000.0,Consumer,Late,1,4.0,1,0
ORD10020,2026-05-11,2026-05-15,second_class,0.7184664730113185,5,-0.8068921844360917,-0.04040908968183084,-0.09227233927243332,1.02,Low,750.0,Consumer,Late,1,4.0,1,0
ORD10021,2026-05-30,2026-05-31,second_class,0.7184664730113185,6,-0.9168906117399662,1.7995484419243999,-0.05238859275069623,0.65,Low,750.0,Consumer,On Time,0,1.0,0,0
ORD10022,2026-02-22,2026-02-24,standard,0.7184664730113185,6,0.40564861886708425,-0.21123288735891937,-0.09044994873127081,2.69,Medium,500.0,Consumer,On Time,0,2.0,0,0
ORD10023,2026-01-02,2026-01-05,first_class,-0.6958376077196234,3,1.0033920106501546,1.1697643203679047,-0.08830427697950961,3.88,Medium,1500.0,Home Office,On Time,0,3.0,0,0
ORD10024,2026-03-29,2026-03-30,standard,-1.6387069948735846,1,-0.31914721995689577,-0.25239524824496484,-0.06749698277876406,1.88,Low,1500.0,Consumer,On Time,0,1.0,0,0
ORD10025,2026-08-24,2026-08-28,standard,-1.167272301296604,1,-0.006205957782306807,0.48235289357094613,-0.06643559048555951,2.49,Low,750.0,Home Office,Late,1,4.0,1,0
ORD10026,2026-06-07,2026-06-10,second_class,1.6613358601652797,7,-0.36945657818114847,-0.2297559497576398,-0.08655340883007248,1.53,High,1000.0,Consumer,Late,1,3.0,1,0
ORD10027,2026-02-07,2026-02-09,standard,1.6613358601652797,7,-0.8486745327918268,-0.038350971637528604,-0.10295492370053505,0.99,Low,1500.0,Corporate,Late,1,2.0,1,0
ORD10028,2026-05-10,2026-05-13,second_class,1.6613358601652797,7,0.751845219528891,0.4802947755266439,-0.09024396424310173,3.74,High,750.0,Corporate,Late,1,3.0,1,0
ORD10029,2026-07-11,2026-07-14,standard,1.189901166588299,7,0.4772755017626305,1.9683141215571858,-0.07091861399890591,2.56,Low,1000.0,Consumer,On Time,0,3.0,0,0
ORD10030,2026-07-07,2026-07-10,standard,0.24703177943433785,5,-1.3074276637180635,0.12629847190665308,-0.05371318744545014,0.24,Medium,1000.0,Consumer,On Time,0,3.0,0,0
ORD10031,2026-01-21,2026-01-22,standard,0.7184664730113185,5,-0.5638724031833453,-1.0921074103202917,-0.07679489370306257,1.5,Low,1500.0,Home Office,Late,1,1.0,1,0
ORD10032,2026-06-10,2026-06-14,first_class,0.7184664730113185,6,-0.7608463311460976,3.2772771977334303,-0.08447067678302962,0.99,High,750.0,Consumer,On Time,0,4.0,0,0
ORD10033,2026-07-23,2026-07-26,standard,-0.6958376077196234,2,-0.5331751676566827,-0.39440539330182167,0.06921091676511423,1.14,Medium,1000.0,Consumer,Late,1,3.0,1,1
ORD10034,2026-02-27,2026-03-03,second_class,-0.22440291414264277,3,1.1031580261118084,-1.071526229877269,-0.0826454253461981,2.8,Medium,1000.0,Consumer,Late,1,4.0,1,0
ORD10035,2026-01-22,2026-01-23,standard,-0.22440291414264277,3,-0.6832505413425891,0.004869507292819086,-0.05664846640185945,1.0,unknown,500.0,Corporate,Late,1,1.0,1,0
ORD10036,2026-08-24,2026-08-26,standard,1.189901166588299,7,0.28285967676043344,0.5626194972987348,-0.09487575433123692,2.63,Medium,500.0,Home Office,On Time,0,2.0,0,0
ORD10037,2026-03-30,2026-04-01,second_class,0.7184664730113185,6,0.28115427478673,1.2376822158298797,-0.09254698525665875,2.12,Medium,1500.0,Corporate,On Time,0,2.0,0,0
ORD10038,2026-02-18,2026-02-21,second_class,0.24703177943433785,4,-0.7165058798298071,0.06661304862188719,-0.055321010811436526,0.99,Low,500.0,Home Office,Late,1,3.0,1,0
ORD10039,2026-08-07,2026-08-08,standard,-0.6958376077196234,2,-0.7045680660138827,-0.5837522533776306,-0.03758059676787497,1.2,Low,750.0,Corporate,Late,1,1.0,1,0
ORD10040,2026-02-28,2026-03-02,first_class,1.189901166588299,6,2.507556551456626,0.011043861425725951,-0.0829515411827827,4.52,High,1500.0,Consumer,Late,1,2.0,1,0
ORD10041,2026-06-19,2026-06-20,standard,-0.22440291414264277,2,-0.7335598995668419,-0.032176617504621745,-0.09857203153560419,1.04,Low,1500.0,Corporate,Late,1,1.0,2,0
ORD10042,2026-08-08,2026-08-09,second_class,-1.6387069948735846,2,-0.3830997939707763,0.5914331499189663,-0.07869452842728848,1.21,Medium,500.0,Corporate,On Time,0,1.0,-1,0
ORD10043,2026-07-07,2026-07-10,second_class,-1.167272301296604,2,-0.6917775512111065,-0.1968260610488036,-0.07017764202063104,0.97,Medium,1000.0,Home Office,On Time,0,3.0,0,0
ORD10044,2026-07-27,2026-07-30,second_class,0.7184664730113185,6,0.577894218211136,4.071710762834107,-0.07255790721725146,2.55,High,750.0,Home Office,On Time,0,3.0,0,0
ORD10045,2026-01-15,2026-01-16,second_class,1.189901166588299,7,-0.1912420719291346,1.2829608128045298,-0.08581815864313565,2.38,High,750.0,Corporate,On Time,0,1.0,0,0
ORD10046,2026-07-09,2026-07-10,standard,-0.22440291414264277,3,-0.2773648716011604,-0.6454957947066987,-0.07838555169503486,1.62,High,750.0,Home Office,Late,1,1.0,1,0
ORD10047,2026-07-09,2026-07-12,second_class,0.24703177943433785,3,1.4016033715099177,-0.7134136901686737,-0.08850740057200969,3.78,Low,1500.0,Home Office,Late,1,3.0,2,0
ORD10048,2026-06-24,2026-06-25,first_class,1.189901166588299,7,-0.12984760087580918,-0.7360529886559987,-0.09277013511884193,1.55,High,750.0,Home Office,On Time,0,1.0,0,0
ORD10049,2026-07-09,2026-07-12,standard,-1.6387069948735846,2,-0.7949543706201673,0.3917956996216463,-0.05099247566421695,0.86,Low,1000.0,Home Office,On Time,0,3.0,-1,0
ORD10050,2026-02-20,2026-02-24,standard,-0.22440291414264277,4,0.577894218211136,-0.08362956861217853,-0.07258651617394161,2.31,Medium,1000.0,Home Office,On Time,0,4.0,0,0
ORD10051,2026-04-18,2026-04-19,same_day,-1.167272301296604,1,0.21208549485173878,-0.8471913630483214,-0.07833977736433063,1.91,Medium,500.0,Corporate,Late,1,1.0,1,0
ORD10052,2026-02-24,2026-02-27,second_class,0.7184664730113185,6,0.007437258007321062,-1.285570506484705,-0.08493128098574103,1.63,Low,750.0,Home Office,On Time,0,3.0,0,0
ORD10053,2026-03-05,2026-03-06,standard,-1.6387069948735846,1,-0.5272062607487206,-0.511718121827051,-0.07895486993316883,1.17,High,1500.0,Consumer,On Time,0,1.0,0,0
ORD10054,2026-05-11,2026-05-14,second_class,1.189901166588299,7,1.825395761975233,0.48441101161524835,-0.07096152743394113,4.34,Low,500.0,Corporate,On Time,0,3.0,0,0
ORD10055,2026-08-17,2026-08-18,second_class,-0.22440291414264277,4,0.8626963478196173,-1.0385963411684327,0.008579954851680874,3.62,Medium,1000.0,Corporate,On Time,0,1.0,0,1
ORD10056,2026-02-20,2026-02-22,standard,1.189901166588299,6,0.7484344155814842,-0.4952531774726328,-0.05504350393154208,2.69,Medium,750.0,Corporate,Late,1,2.0,1,0
ORD10057,2026-05-15,2026-05-17,standard,1.189901166588299,7,0.29565019156320943,1.3138325834690636,-0.08735159872172765,2.59,Medium,1000.0,Home Office,On Time,0,2.0,0,0
ORD10058,2026-01-21,2026-01-22,second_class,-1.167272301296604,2,2.138337024149822,-1.3864182906555162,-0.08719997125126985,5.26,Low,500.0,Consumer,On Time,0,1.0,0,0
ORD10059,2026-03-14,2026-03-16,standard,-0.6958376077196234,3,-0.5843372268677871,-0.5796360172890259,-0.08932275583767893,1.36,Medium,1000.0,Home Office,On Time,0,2.0,0,0
ORD10060,2026-06-16,2026-06-17,standard,-1.6387069948735846,1,-0.631235781144633,-0.6310889683965828,-0.079369699805176,0.98,High,750.0,Corporate,On Time,0,1.0,0,0
ORD10061,2026-01-18,2026-01-19,second_class,0.7184664730113185,5,1.9643860228320669,-1.1291535351177324,-0.08933133852468599,3.89,Low,750.0,Corporate,Late,1,1.0,1,0
ORD10062,2026-05-12,2026-05-16,same_day,0.24703177943433785,5,0.30844070636598575,-1.0838749381430826,-0.06152343262186089,2.23,Medium,500.0,Corporate,On Time,0,4.0,0,0
ORD10063,2026-03-30,2026-04-03,second_class,-0.22440291414264277,4,-0.4572847798268777,0.7437338851973345,-0.10210237679116861,1.38,Low,750.0,Corporate,On Time,0,4.0,0,0
ORD10064,2026-03-01,2026-03-03,second_class,-0.6958376077196234,2,1.9857035475033604,1.770734789304168,-0.05944356147048704,4.23,Medium,1000.0,Home Office,Late,1,2.0,1,0
ORD10065,2026-01-14,2026-01-18,standard,-1.6387069948735846,1,1.7409783642769103,-0.7792734675863463,-0.06776304607598245,4.04,High,1000.0,Consumer,On Time,0,4.0,0,0
ORD10066,2026-01-09,2026-01-13,standard,-0.6958376077196234,2,-0.6960410561453653,0.9680687520262821,-0.0253388242001601,1.1,Medium,1500.0,Consumer,Late,1,4.0,1,0
ORD10067,2026-03-31,2026-04-01,first_class,-1.6387069948735846,1,-0.6184452663418568,-0.12273381145392176,-0.04572270584189145,1.22,Medium,1500.0,Corporate,On Time,0,1.0,0,0
ORD10068,2026-02-22,2026-02-25,standard,-0.22440291414264277,4,2.6175549787605004,-0.3264874978398467,-0.08759763574926292,5.67,Medium,1500.0,Consumer,On Time,0,3.0,0,0
ORD10069,2026-05-10,2026-05-11,second_class,0.24703177943433785,4,2.6124387728393894,1.8530595110762589,-0.05063486370559008,5.16,Medium,1000.0,Corporate,Late,1,1.0,1,0
ORD10070,2026-03-25,2026-03-29,standard,0.7184664730113185,5,-0.558756197262235,-0.8060290021622758,-0.07870311111429552,1.16,Low,1000.0,Corporate,Late,1,4.0,1,0
ORD10071,2026-04-02,2026-04-03,standard,-0.6958376077196234,2,0.8064180826874024,-0.6701932112383259,-0.09906124469500575,3.08,Low,500.0,Consumer,Late,1,1.0,1,0
ORD10072,2026-04-21,2026-04-23,standard,0.24703177943433785,6,1.363231827101589,-0.9850852720165736,-0.07099871907763833,3.09,Medium,1500.0,Corporate,On Time,0,2.0,-1,0
ORD10073,2026-07-07,2026-07-10,same_day,0.24703177943433785,5,0.022785875770652376,0.4000281717988552,-0.08673936704855845,2.44,Medium,1000.0,Consumer,On Time,0,3.0,0,0
ORD10074,2026-07-18,2026-07-22,standard,-1.167272301296604,2,0.2564259461680296,1.7995484419243999,-0.07497250316190006,2.46,Medium,500.0,Corporate,On Time,0,4.0,0,0
ORD10075,2026-06-21,2026-06-25,standard,0.24703177943433785,5,-0.07527473771729772,0.1283565899509553,0.002108608848369108,1.93,Low,1000.0,Consumer,On Time,0,4.0,0,1
ORD10076,2026-01-08,2026-01-09,standard,1.189901166588299,6,-0.9075109008845971,2.72364344381612,-0.06920207659749696,0.99,Medium,500.0,Corporate,Late,1,1.0,1,0
ORD10077,2026-06-24,2026-06-25,second_class,-1.167272301296604,3,-0.7207693847640657,1.0915558346844183,-0.0917688216346867,1.09,Low,1500.0,Consumer,On Time,0,1.0,-1,0
ORD10078,2026-02-04,2026-02-05,standard,-0.6958376077196234,3,-1.0302998429912478,1.4085060135069682,-0.041597294287171925,0.69,High,1500.0,Corporate,On Time,0,1.0,0,0
ORD10079,2026-07-25,2026-07-26,standard,-0.22440291414264277,3,-0.17333535120524796,0.1468796523496759,-0.06515104833017181,1.73,unknown,1500.0,Corporate,Late,1,1.0,1,0
ORD10080,2026-03-22,2026-03-26,standard,-0.6958376077196234,3,-0.1912420719291346,-0.7813315856306485,-0.09300758945937015,0.95,Low,1000.0,Corporate,On Time,0,4.0,0,0
ORD10081,2026-06-13,2026-06-14,second_class,1.6613358601652797,7,-0.6235614722629673,-0.1947679430045012,-0.09700426070898402,1.04,Low,1000.0,Consumer,Late,1,1.0,1,0
ORD10082,2026-02-19,2026-02-23,standard,-1.6387069948735846,1,1.0554067708481107,1.4990632074562682,-0.09131966101465136,3.32,High,500.0,Home Office,On Time,0,4.0,0,0
ORD10083,2026-04-14,2026-04-15,standard,1.189901166588299,7,0.4516944721570782,-0.46438140680809886,-0.04753651369604691,3.05,Low,750.0,Corporate,On Time,0,1.0,0,0
ORD10084,2026-05-12,2026-05-15,standard,2.1327705537422603,7,-0.9441770433192219,0.9598362798490732,-0.08134657871246533,0.66,High,750.0,Corporate,Late,1,3.0,2,0
ORD10085,2026-01-02,2026-01-05,first_class,1.189901166588299,7,0.12425729320600967,-0.8801212517571576,-0.0730042069416178,2.58,Low,1500.0,Consumer,On Time,0,3.0,0,0
ORD10086,2026-05-14,2026-05-15,second_class,-0.6958376077196234,3,-0.10511927225710878,0.900150856564307,-0.09490722418359607,1.59,High,750.0,Corporate,On Time,0,1.0,0,0
ORD10087,2026-02-23,2026-02-24,first_class,1.189901166588299,6,2.102523582702049,-0.005421082928692235,-0.04633779841072966,3.95,High,1500.0,Corporate,Late,1,1.0,1,0
ORD10088,2026-04-16,2026-04-18,same_day,0.7184664730113185,4,1.540593632366751,-0.42733528201065785,-0.09949610083669602,4.31,Medium,500.0,Corporate,Late,1,2.0,2,0
ORD10089,2026-01-04,2026-01-07,same_day,0.7184664730113185,4,1.3478832093382578,-0.02600226337171506,-0.08719424945993183,3.13,Low,750.0,Corporate,Late,1,3.0,2,0
ORD10090,2026-02-23,2026-02-27,standard,-1.167272301296604,1,0.3630135695244972,0.7128621145328004,-0.0633830148067206,2.15,Low,750.0,Home Office,Late,1,4.0,1,0
ORD10091,2026-08-09,,second_class,-1.167272301296604,3,0.4755700997889267,1.3364718819563888,-0.09288171004993351,2.17,Medium,1500.0,Home Office,On Time,0,,-1,0
ORD10092,2026-07-10,2026-07-14,second_class,-0.22440291414264277,3,2.6405779054054976,-0.6866581555927441,-0.05657694401013408,5.03,Medium,500.0,Corporate,Late,1,4.0,1,0
ORD10093,2026-05-26,2026-05-27,second_class,-0.22440291414264277,3,-0.700304561079624,-0.4973112955169352,-0.09004370154627069,1.19,Low,750.0,Corporate,Late,1,1.0,1,0
ORD10094,2026-08-06,2026-08-09,standard,0.24703177943433785,5,-0.25519464594301516,-0.21123288735891937,-0.09389160622109577,1.39,unknown,750.0,Corporate,On Time,0,3.0,0,0
ORD10095,2026-02-13,2026-02-16,first_class,-0.6958376077196234,2,0.4747173988020752,3.8617827223152754,-0.023882628304631493,3.0,Medium,750.0,Home Office,Late,1,3.0,1,0
ORD10096,2026-06-11,2026-06-13,standard,0.24703177943433785,5,1.8577983994755993,3.3472532112397078,-0.07113032027841301,5.02,Medium,500.0,Home Office,On Time,0,2.0,0,0
ORD10097,2026-07-21,2026-07-23,second_class,-1.6387069948735846,2,-1.2025454423352995,1.5072956796334773,-0.06001001881295199,0.44,Low,500.0,Consumer,On Time,0,2.0,-1,0
ORD10098,2026-07-09,2026-07-12,standard,-0.22440291414264277,3,1.0247095353214482,2.067103787683695,-0.03892807862798099,3.61,Low,750.0,Consumer,Late,1,3.0,1,0
ORD10099,2026-08-16,2026-08-19,standard,-0.6958376077196234,3,-0.39844841173410767,-0.8163195923837873,-0.10202227171243619,1.43,High,1500.0,Corporate,On Time,0,3.0,0,0
ORD10100,2026-01-14,2026-01-17,standard,0.24703177943433785,5,1.0076555155844134,-0.8801212517571576,-0.055798780388162016,2.99,Medium,1500.0,Corporate,On Time,0,3.0,0,0
ORD10101,2026-04-05,2026-04-09,standard,0.24703177943433785,5,0.29906099551061666,-0.9459810291748303,-0.08865902804246747,1.98,Medium,750.0,Home Office,On Time,0,4.0,0,0
ORD10102,2026-02-17,2026-02-18,first_class,-0.6958376077196234,2,-1.3347140952973193,-0.8266101826052986,-0.08681375033595284,0.27,Medium,500.0,Corporate,Late,1,1.0,1,0
ORD10103,2026-01-15,2026-01-17,standard,-0.22440291414264277,4,-1.1300658584529015,0.5420383168557118,-0.06276506134221337,0.41,Low,750.0,Corporate,On Time,0,2.0,0,0
ORD10104,2026-07-19,2026-07-20,standard,-1.167272301296604,2,-0.6252668742366707,-0.05893215208055125,-0.08247663250172621,0.97,Low,500.0,Home Office,On Time,0,1.0,0,0
ORD10105,2026-07-25,2026-07-27,same_day,0.7184664730113185,5,-0.5212373538407583,0.7622569475960549,-0.05730647240573289,1.6,Low,750.0,Home Office,Late,1,2.0,1,0
ORD10106,2026-08-03,2026-08-05,standard,1.189901166588299,6,0.12425729320600967,1.8036646780130043,-0.07592804231535105,2.27,High,500.0,Home Office,Late,1,2.0,1,0
ORD10107,2026-07-09,2026-07-11,second_class,0.24703177943433785,5,0.15921803366693105,0.1304147079952577,-0.07074982115443403,1.9,Medium,1000.0,Home Office,On Time,0,2.0,0,0
ORD10108,2026-02-09,2026-02-12,standard,1.189901166588299,6,0.9906014958473786,-0.07128086034636498,-0.08465663500151559,3.1,Low,1500.0,Consumer,Late,1,3.0,1,0
ORD10109,2026-08-01,2026-08-03,standard,-1.167272301296604,1,5.406739906752545,2.801851929499606,-0.09228092195944036,8.01,High,1000.0,Home Office,Late,1,2.0,1,0
ORD10110,2026-07-27,2026-07-28,second_class,0.7184664730113185,5,0.11914108728489903,-0.4787882331182146,-0.08838152116257302,1.93,Low,1500.0,Home Office,Late,1,1.0,1,0
ORD10111,2026-08-25,2026-08-27,second_class,-1.6387069948735846,1,-0.30806210712782306,-1.0488869313899438,-0.07731271581915426,1.56,High,500.0,Corporate,On Time,0,2.0,0,0
ORD10112,2026-03-23,2026-03-24,standard,0.24703177943433785,4,-0.5502291873937175,0.4802947755266439,0.018335609083021783,1.56,High,1000.0,Corporate,Late,1,1.0,1,1
ORD10113,2026-04-21,2026-04-23,same_day,-1.167272301296604,2,0.41247022676189804,-0.594042843599142,-0.01156647244952223,2.41,Low,1500.0,Corporate,On Time,0,2.0,0,0
ORD10114,2026-02-22,2026-02-24,same_day,0.24703177943433785,6,1.1432349724938402,0.08101987493200315,-0.08716277960757265,4.32,Low,750.0,Consumer,On Time,0,2.0,-1,0
ORD10115,2026-01-24,2026-01-27,same_day,-1.167272301296604,2,-1.0908416130577212,-0.822493946516694,-0.07352488995337851,0.52,Medium,500.0,Home Office,On Time,0,3.0,0,0
ORD10116,2026-06-03,2026-06-04,standard,-1.167272301296604,1,-1.1991346383878925,0.5317477266342007,-0.08108337631091594,0.35,Medium,500.0,Home Office,Late,1,1.0,1,0
ORD10117,2026-08-05,2026-08-07,standard,0.7184664730113185,6,0.6009171448561329,-0.1083269851438058,-0.07175113463858925,2.65,Medium,750.0,Consumer,On Time,0,2.0,0,0
ORD10118,2026-07-07,2026-07-09,first_class,-1.167272301296604,2,-0.7906908656859085,-0.15360558211845574,-0.06823795475703892,0.76,High,750.0,Home Office,On Time,0,2.0,0,0
ORD10119,2026-05-04,2026-05-05,second_class,0.7184664730113185,5,-1.1368874663477153,0.7848962460833798,-0.05971248566337444,0.49,Medium,1500.0,Corporate,Late,1,1.0,1,0
ORD10120,2026-08-25,2026-08-27,standard,-0.22440291414264277,3,1.6437704517758118,1.8715825734749794,-0.10286337503912658,3.7,Low,500.0,Consumer,Late,1,2.0,1,0
ORD10121,2026-02-10,2026-02-14,second_class,-1.167272301296604,1,-0.3302323327859685,2.565168354404845,-0.06502802981640418,1.43,Low,1500.0,Home Office,Late,1,4.0,1,0
ORD10122,2026-06-06,2026-06-09,standard,-1.167272301296604,2,-0.8026286795018329,0.7601988295517527,-0.08311175134024754,0.75,Medium,750.0,Consumer,On Time,0,3.0,0,0
ORD10123,2026-01-15,2026-01-16,standard,-1.6387069948735846,1,1.8134579481593085,-0.038350971637528604,-0.08789516889884048,3.95,Low,500.0,Consumer,On Time,0,1.0,0,0
ORD10124,2026-02-14,2026-02-17,standard,1.6613358601652797,7,2.2977921086910973,-0.02394414532741265,-0.04936462602854745,5.83,Medium,750.0,Home Office,Late,1,3.0,1,0
ORD10125,2026-03-06,2026-03-10,second_class,-1.6387069948735846,1,-1.1113064367421632,1.1388925497033706,-0.011926945303818123,0.43,Low,1500.0,Corporate,On Time,0,4.0,0,0
ORD10126,2026-03-30,2026-04-03,standard,1.189901166588299,6,1.0519959669007037,-0.8471913630483214,-0.05369888296710506,3.1,Low,1500.0,Home Office,Late,1,4.0,1,0
ORD10127,2026-03-12,2026-03-16,second_class,1.189901166588299,7,-0.2168231015346869,-0.7216461623458826,-0.08511437830855799,2.09,Low,1500.0,Home Office,On Time,0,4.0,0,0
ORD10128,2026-01-09,2026-01-10,first_class,1.189901166588299,6,-0.318294518970044,-1.2053039027569166,-0.09239821868186998,1.45,Medium,500.0,Corporate,Late,1,1.0,1,0
ORD10129,2026-03-29,2026-04-02,second_class,-0.6958376077196234,3,-0.822240802199423,1.2747283406273207,-0.103135160127683,0.76,Low,750.0,Home Office,On Time,0,4.0,0,0
ORD10130,2026-05-09,2026-05-10,same_day,1.189901166588299,7,-0.8179772972651642,2.1473703914114837,-0.07036360023911702,0.87,Medium,750.0,Home Office,On Time,0,1.0,0,0
ORD10131,2026-08-24,2026-08-25,second_class,0.7184664730113185,5,-0.7079788699612897,0.7746056558618687,-0.05787292974819784,1.11,Medium,1500.0,Home Office,Late,1,1.0,1,0
ORD10132,2026-05-16,2026-05-18,same_day,-1.6387069948735846,1,-1.3227762814813948,-1.1579671877379643,-0.07729268954947116,0.21,Medium,1500.0,Consumer,On Time,0,2.0,0,0
ORD10133,2026-08-04,2026-08-05,standard,-1.167272301296604,2,-1.0831673041760557,0.5111665461911781,-0.04307351645238363,0.49,Medium,1500.0,Consumer,On Time,0,1.0,0,0
ORD10134,2026-03-04,2026-03-08,standard,0.24703177943433785,4,-1.0993686229262387,-0.4499745804979829,-0.09474701402613123,0.52,Low,1500.0,Consumer,Late,1,4.0,1,0
ORD10135,2026-05-19,2026-05-20,standard,-1.6387069948735846,1,-1.1863441235851164,0.2580180267419986,-0.07876891171468288,0.49,Medium,1000.0,Home Office,On Time,0,1.0,0,0
ORD10136,2026-03-22,2026-03-23,standard,-1.6387069948735846,1,1.7298932514478382,2.639260603999727,-0.08036243060232419,4.74,Low,1000.0,Corporate,On Time,0,1.0,0,0
ORD10137,2026-05-16,2026-05-19,second_class,-0.6958376077196234,3,-0.059926119953966406,-0.7525179330104168,-0.0774729259766191,1.7,Medium,1000.0,Consumer,On Time,0,3.0,0,0
ORD10138,2026-06-12,2026-06-16,standard,0.24703177943433785,5,-0.0633369239013733,0.7848962460833798,-0.030906127172063143,1.65,Low,1500.0,Corporate,On Time,0,4.0,0,0
ORD10139,2026-06-12,2026-06-13,first_class,-0.6958376077196234,4,1.0767242955194043,-0.21740724149182625,-0.07735849014985852,3.73,Medium,1500.0,Home Office,On Time,0,1.0,-1,0
ORD10140,2026-02-02,2026-02-04,first_class,1.6613358601652797,7,-1.0729348923338349,-0.009537319017296873,-0.08121783840735965,0.6,High,750.0,Consumer,Late,1,2.0,1,0
ORD10141,2026-05-03,2026-05-04,first_class,1.6613358601652797,7,0.4482836682096713,-1.118862944896221,-0.09085333502060193,3.14,Medium,500.0,Home Office,Late,1,1.0,1,0
ORD10142,2026-01-05,2026-01-06,standard,1.189901166588299,7,-0.046282904164338536,-0.4252771639663556,-0.021236299810792687,1.74,Medium,750.0,Corporate,On Time,0,1.0,0,0
ORD10143,2026-08-22,2026-08-25,second_class,0.7184664730113185,6,-0.898131190029228,-0.9542135013520394,-0.09568252690989912,1.02,Medium,1000.0,Consumer,On Time,0,3.0,0,0
ORD10144,2026-08-19,2026-08-23,standard,1.189901166588299,6,2.630345493563276,0.869279085899773,-0.0856579484856708,6.75,Low,750.0,Consumer,Late,1,4.0,1,0
ORD10145,2026-02-10,2026-02-14,standard,-0.22440291414264277,2,-0.4214713383791046,0.027508805780144138,0.005621788729919447,1.81,High,1500.0,Consumer,Late,1,4.0,2,1
ORD10146,2026-01-28,2026-01-30,first_class,-0.22440291414264277,4,-0.16821914528413762,0.572910087520246,-0.06174372158837504,1.64,Low,1000.0,Consumer,On Time,0,2.0,0,0
ORD10147,2026-05-15,2026-05-17,second_class,1.6613358601652797,7,0.17797745537766926,-0.7442854608332078,-0.07545027273862555,2.28,High,1000.0,Corporate,Late,1,2.0,1,0
ORD10148,2026-07-20,2026-07-22,standard,1.189901166588299,6,0.20952739189118377,-0.5302411842257714,-0.07446326373281541,2.46,Medium,500.0,Consumer,Late,1,2.0,1,0
ORD10149,2026-03-13,2026-03-14,second_class,-1.167272301296604,2,-1.3560316199686129,1.1162532512160457,-0.0909649099516935,0.17,Medium,500.0,Home Office,On Time,0,1.0,0,0
ORD10150,2026-01-12,2026-01-13,standard,0.24703177943433785,5,-0.8009232775281294,-0.33883620610566023,-0.07655457846686532,1.06,Medium,1000.0,Consumer,On Time,0,1.0,0,0
ORD10151,2026-06-11,2026-06-13,standard,-1.167272301296604,2,0.29906099551061666,-0.5569967188017011,-0.08223917816119798,2.47,Medium,1000.0,Corporate,On Time,0,2.0,0,0
ORD10152,2026-02-02,2026-02-06,standard,1.189901166588299,6,-0.6141817614075981,0.8878021482984934,-0.07044370531784942,0.97,Medium,750.0,Consumer,Late,1,4.0,1,0
ORD10153,2026-02-17,2026-02-21,first_class,-0.22440291414264277,3,-0.7096842719349932,-0.7298786345230918,-0.09626901052204719,1.07,Low,1000.0,Corporate,Late,1,4.0,1,0
ORD10154,2026-05-31,2026-06-02,second_class,-0.22440291414264277,3,-0.32596882785170966,-0.5096600037827488,-0.06404388170626304,1.5,Medium,1500.0,Corporate,Late,1,2.0,1,0
ORD10155,2026-03-03,2026-03-06,standard,1.189901166588299,7,-0.25775274890357036,-0.09392015883369004,-0.03900818370671341,2.0,Medium,750.0,Home Office,On Time,0,3.0,0,0
ORD10156,2026-08-04,2026-08-08,standard,-0.22440291414264277,3,0.1481329208378582,0.43501617855199376,-0.07943836130123236,1.91,High,1500.0,Consumer,Late,1,4.0,1,0
ORD10157,2026-02-06,2026-02-10,second_class,1.6613358601652797,7,0.3007663974843201,-0.28738325499810347,-0.055329593498443574,2.44,Medium,1500.0,Consumer,Late,1,4.0,1,0
ORD10158,2026-04-09,2026-04-11,standard,1.6613358601652797,7,-0.05651531600655951,-1.0838749381430826,-0.06673598453080609,1.67,Low,1500.0,Consumer,Late,1,2.0,1,0
ORD10159,2026-06-21,2026-06-25,standard,0.24703177943433785,6,0.6043279488035398,0.6408279829822209,-0.08649333002102318,3.09,Low,1000.0,Home Office,On Time,0,4.0,-1,0
ORD10160,2026-04-14,2026-04-15,second_class,-0.22440291414264277,3,0.7202952830153765,1.5463999224752205,-0.09221226046338402,3.0,Medium,500.0,Home Office,Late,1,1.0,1,0
ORD10161,2026-08-02,2026-08-03,standard,0.7184664730113185,7,2.319109633362391,-0.5775778992447237,-0.09063876784542581,4.42,Low,500.0,Corporate,On Time,0,1.0,-1,0
ORD10162,2026-08-07,2026-08-11,second_class,0.24703177943433785,4,-1.2221575650328895,-0.3532430324157762,-0.06725094575122877,0.31,Low,1500.0,Corporate,Late,1,4.0,1,0
ORD10163,2026-02-04,2026-02-05,standard,0.7184664730113185,5,0.847347730056286,-0.8986443141558782,-0.07627707158697088,3.81,High,1000.0,Corporate,Late,1,1.0,1,0
ORD10164,2026-07-12,2026-07-15,second_class,-1.167272301296604,2,-0.5195319518670548,-0.050699679903342156,-0.024586408639209176,1.13,Medium,750.0,Home Office,On Time,0,3.0,0,0
ORD10165,2026-08-15,2026-08-19,standard,-0.6958376077196234,2,-0.030934286401007222,-0.8019127660736713,-0.04951053170766721,2.11,Medium,1500.0,Home Office,Late,1,4.0,1,0
ORD10166,2026-04-11,2026-04-13,second_class,0.7184664730113185,6,1.2813725323638219,2.067103787683695,-0.049599219473406675,3.55,Low,750.0,Home Office,On Time,0,2.0,0,0
ORD10167,2026-06-24,2026-06-25,standard,-0.22440291414264277,3,0.5301429629474382,-0.3964635113461239,-0.0681177971389403,2.93,Medium,750.0,Corporate,Late,1,1.0,1,0
ORD10168,2026-07-25,2026-07-28,second_class,-0.6958376077196234,3,0.6546373070277924,-0.49936941356123743,-0.09114800727451046,2.68,Low,1000.0,Home Office,On Time,0,3.0,0,0
ORD10169,2026-05-11,2026-05-14,first_class,1.6613358601652797,7,-0.5638724031833453,-0.4191028098334488,-0.06628682391077075,1.31,Medium,1000.0,Corporate,Late,1,3.0,1,0
ORD10170,2026-01-01,2026-01-02,standard,-1.167272301296604,1,-1.118128044636977,-0.7381111067003009,-0.07343620218763904,0.55,Low,500.0,Corporate,Late,1,1.0,1,0
ORD10171,2026-01-05,2026-01-08,standard,1.189901166588299,7,1.1901335267706858,0.09131046515351447,-0.09303905931172933,4.42,High,500.0,Consumer,On Time,0,3.0,0,0
ORD10172,2026-08-06,2026-08-10,second_class,0.24703177943433785,5,-1.3398303012184298,-0.43145151809926247,-0.02848867033174553,0.26,Medium,1000.0,Consumer,On Time,0,4.0,0,0
ORD10173,2026-05-22,2026-05-25,same_day,-0.22440291414264277,4,1.0494378639401485,0.9392550994060501,-0.03453374288037407,2.81,Medium,1500.0,Consumer,On Time,0,3.0,0,0
ORD10174,2026-04-13,2026-04-14,standard,-1.167272301296604,2,-1.3696748357582404,0.0851361110206076,-0.09309913812077864,0.15,Medium,500.0,Corporate,On Time,0,1.0,0,0
ORD10175,2026-01-27,2026-01-30,standard,1.6613358601652797,7,2.2287233287561063,0.5111665461911781,-0.08693676884972049,4.33,Medium,750.0,Consumer,Late,1,3.0,1,0
ORD10176,2026-05-17,2026-05-18,second_class,-1.167272301296604,1,0.23596112248358764,0.6593510453809414,-0.08560931325929755,2.51,Low,1500.0,Consumer,Late,1,1.0,1,0
ORD10177,2026-07-26,2026-07-27,standard,-1.167272301296604,1,-0.9816958867406985,1.5402255683423138,-0.05673715416759891,0.71,Medium,750.0,Consumer,Late,1,1.0,1,0
ORD10178,2026-01-15,2026-01-18,same_day,1.6613358601652797,7,0.4397566583411538,-0.5364155383586783,-0.06084826124397336,2.29,Low,1000.0,Home Office,Late,1,3.0,1,0
ORD10179,2026-03-31,2026-04-01,first_class,0.7184664730113185,6,-0.17759885613950674,-0.6948906277699531,-0.07391397176436454,1.43,High,750.0,Corporate,On Time,0,1.0,0,0
ORD10180,2026-02-11,2026-02-12,second_class,-0.6958376077196234,2,-0.14775432159969581,-0.5858103714219328,-0.06780595951101767,1.81,High,1500.0,Consumer,Late,1,1.0,1,0
ORD10181,2026-05-04,2026-05-06,standard,1.189901166588299,6,-1.0473538627282826,-0.11450133927671267,-0.09445806356356072,0.52,Low,1000.0,Home Office,Late,1,2.0,1,0
ORD10182,2026-07-24,2026-07-28,standard,-0.22440291414264277,4,-0.1912420719291346,0.19421636736862805,-0.06456456471802376,2.67,High,1500.0,Home Office,On Time,0,4.0,0,0
ORD10183,2026-06-28,2026-06-29,second_class,-1.6387069948735846,1,-1.3764964436530547,-0.8348426547825076,-0.07726980238411905,0.14,Medium,750.0,Home Office,On Time,0,1.0,0,0
ORD10184,2026-03-04,2026-03-08,same_day,-1.6387069948735846,1,1.4340060090102835,-0.6352052044851874,-0.0875318351488756,4.36,Low,1500.0,Consumer,On Time,0,4.0,0,0
ORD10185,2026-04-06,2026-04-08,same_day,0.7184664730113185,5,-0.15031242456025098,0.1983326034572327,-0.09646927321887823,2.26,High,1000.0,Home Office,Late,1,2.0,1,0
ORD10186,2026-08-19,2026-08-21,standard,0.24703177943433785,4,-1.049059264701986,0.04808998622316678,-0.07433738432337875,0.6,Medium,750.0,Corporate,Late,1,2.0,1,0
ORD10187,2026-02-21,2026-02-23,standard,-1.167272301296604,1,1.7929931244748665,-0.4849625872511215,-0.06532270207031271,4.24,Medium,750.0,Home Office,Late,1,2.0,1,0
ORD10188,2026-04-06,2026-04-08,standard,-0.22440291414264277,4,-0.6201506683155603,-1.0797587020544779,-0.09765940581718843,1.33,Medium,500.0,Home Office,On Time,0,2.0,0,0
ORD10189,2026-05-12,2026-05-16,second_class,-0.22440291414264277,2,-0.5911588347626011,-0.21123288735891937,-0.07454050791587881,1.32,Low,500.0,Home Office,Late,1,4.0,2,0
ORD10190,2026-08-10,2026-08-13,standard,-0.6958376077196234,3,0.31867311820820643,0.6058399762290824,-0.07195998002242734,2.13,High,1500.0,Home Office,On Time,0,3.0,0,0
ORD10191,2026-08-17,2026-08-20,standard,-1.167272301296604,1,-0.03008158541415565,0.5379220807671073,-0.08567797475535391,1.95,Low,500.0,Corporate,Late,1,3.0,1,0
ORD10192,2026-05-31,2026-06-04,standard,-0.22440291414264277,5,0.019375071823245486,-0.3635336226372875,-0.064610339048728,2.16,Low,500.0,Consumer,On Time,0,4.0,-1,0
ORD10193,2026-08-19,2026-08-20,standard,-1.167272301296604,2,-0.6295303791709296,-0.8122033562951827,-0.07795927824035165,1.08,Medium,500.0,Corporate,On Time,0,1.0,0,0
ORD10194,2026-08-25,2026-08-29,same_day,1.6613358601652797,7,-0.1451962186391405,-0.9912596261494803,-0.06753703531813027,1.66,Medium,500.0,Corporate,Late,1,4.0,1,0
ORD10195,2026-05-23,2026-05-24,first_class,0.7184664730113185,4,1.4271844011154697,-0.8492494810926237,-0.05947789221851522,3.41,Medium,1000.0,Consumer,Late,1,1.0,2,0
ORD10196,2026-06-20,2026-06-21,standard,1.189901166588299,7,-0.6730181295003683,0.3382846304697869,-0.059457865948832116,1.28,Low,1000.0,Home Office,On Time,0,1.0,0,0
ORD10197,2026-01-29,2026-02-01,standard,0.24703177943433785,6,0.30844070636598575,-0.42116092787775117,-0.03899960101970637,2.14,Low,500.0,Consumer,On Time,0,3.0,-1,0
ORD10198,2026-02-05,2026-02-07,standard,-1.167272301296604,2,-0.8554961406866409,-0.16389617233996723,-0.0658948812041157,0.81,Low,1500.0,Consumer,On Time,0,2.0,0,0
ORD10199,2026-01-13,2026-01-16,standard,0.7184664730113185,7,-0.367751176207445,-1.1970714305797074,-0.08443920693067046,1.85,High,1000.0,Corporate,On Time,0,3.0,-1,0
ORD10200,2026-06-09,2026-06-12,standard,-1.6387069948735846,1,-0.956967558121998,1.0030567587794206,-0.08708267452884025,0.64,Low,500.0,Consumer,On Time,0,3.0,0,0
ORD10201,2026-03-12,2026-03-16,second_class,0.24703177943433785,4,-0.16821914528413762,1.5011213255005704,-0.0922637565854263,1.84,Medium,1000.0,Home Office,Late,1,4.0,1,0
ORD10202,2026-07-06,2026-07-10,standard,-0.22440291414264277,3,3.919629385683109,-0.7360529886559987,-0.07120184267013839,7.65,Medium,750.0,Corporate,Late,1,4.0,1,0
ORD10203,2026-03-27,2026-03-28,standard,-1.167272301296604,2,0.192473372154149,1.945674823069861,-0.021699764909173105,2.27,High,1000.0,Home Office,On Time,0,1.0,0,0
ORD10204,2026-01-28,2026-02-01,standard,-1.167272301296604,1,-0.6175925653550051,-0.5364155383586783,-0.08239366652732479,1.24,High,1000.0,Corporate,Late,1,4.0,1,0
ORD10205,2026-03-07,2026-03-08,second_class,0.24703177943433785,5,-0.9978972054908816,-0.8945280780672735,-0.06236453594855128,0.71,Low,1500.0,Home Office,On Time,0,1.0,0,0
ORD10206,2026-06-19,2026-06-20,first_class,0.7184664730113185,6,-1.223862967006593,-0.7813315856306485,-0.08854173132003786,0.32,Low,1000.0,Consumer,On Time,0,1.0,0,0
ORD10207,2026-02-14,2026-02-16,second_class,-0.22440291414264277,4,0.14983832281156195,-0.5981590796877464,-0.07003173634151127,2.59,Medium,1500.0,Consumer,On Time,0,2.0,0,0
ORD10208,2026-03-03,2026-03-05,first_class,-0.6958376077196234,2,0.218054401759701,-0.6701932112383259,-0.025544808688329167,1.86,Low,750.0,Consumer,Late,1,2.0,1,0
ORD10209,2026-07-04,2026-07-07,second_class,-1.167272301296604,2,0.7927748668977747,-0.48084635116251706,-0.053807597002527636,2.92,Medium,500.0,Home Office,On Time,0,3.0,0,0
ORD10210,2026-05-14,2026-05-16,standard,-0.6958376077196234,3,-0.4479050689715086,-0.7319367525673941,-0.09674964099444168,1.61,Medium,1500.0,Corporate,On Time,0,2.0,0,0
ORD10211,2026-01-28,2026-01-29,same_day,-0.6958376077196234,3,-0.1912420719291346,0.8034193084821005,-0.058176184689113425,0.76,High,1000.0,Corporate,On Time,0,1.0,0,0
ORD10212,2026-01-28,2026-02-01,standard,0.24703177943433785,5,-0.3063567051541196,-0.6413795586180941,-0.05649969982707068,1.5,Low,1000.0,Corporate,On Time,0,4.0,0,0
ORD10213,2026-04-18,2026-04-20,standard,0.7184664730113185,6,1.0818405014405148,-1.1661996599151732,-0.07060677637098328,3.18,High,1500.0,Consumer,On Time,0,2.0,0,0
ORD10214,2026-02-13,2026-02-15,second_class,0.7184664730113185,5,-0.9885174946355124,-0.943922911130528,-0.05453998629379546,0.84,Low,750.0,Home Office,Late,1,2.0,1,0
ORD10215,2026-03-25,2026-03-27,standard,-1.167272301296604,1,-0.8051867824623881,-0.42733528201065785,-0.08960026271757338,1.03,Medium,500.0,Corporate,Late,1,2.0,1,0
ORD10216,2026-01-30,2026-02-01,same_day,-1.167272301296604,1,0.5813050221585429,-0.3161969076183352,-0.07345050666598411,2.4,Medium,1000.0,Home Office,Late,1,2.0,1,0
ORD10217,2026-07-09,2026-07-10,standard,0.24703177943433785,5,-1.1232442505580875,0.8795696761212844,-0.034107469425690845,0.62,Medium,750.0,Corporate,On Time,0,1.0,0,0
ORD10218,2026-03-16,2026-03-17,second_class,0.7184664730113185,6,0.49518222248651683,-0.35735926850438066,-0.03883939086224153,2.25,Medium,500.0,Consumer,On Time,0,1.0,0,0
ORD10219,2026-05-08,2026-05-11,second_class,0.24703177943433785,5,-1.1999873393747442,0.017218215558632635,-0.05898867905911366,0.37,High,500.0,Home Office,On Time,0,3.0,0,0
ORD10220,2026-04-02,2026-04-06,same_day,0.24703177943433785,6,2.115314097504825,-0.548764246624492,-0.09021249439074258,4.86,High,1000.0,Corporate,On Time,0,4.0,-1,0
ORD10221,2026-08-05,2026-08-08,same_day,1.189901166588299,6,-0.5800737219335286,0.07278740275479406,-0.09202058045356001,1.3,unknown,1500.0,Corporate,Late,1,3.0,1,0
ORD10222,2026-08-19,2026-08-22,second_class,1.189901166588299,7,0.16603964156174483,-1.1970714305797074,-0.07215738182358937,2.77,Low,1000.0,Corporate,On Time,0,3.0,0,0
ORD10223,2026-07-09,2026-07-11,second_class,-0.22440291414264277,4,1.2515279978240115,0.10777540950793266,-0.07041223546549027,3.14,High,1000.0,Corporate,On Time,0,2.0,0,0
ORD10224,2026-08-13,2026-08-17,standard,1.189901166588299,6,-0.8111556893703503,-0.4540908165865875,-0.077261219697112,1.08,Medium,1000.0,Consumer,Late,1,4.0,1,0
ORD10225,2026-05-09,2026-05-11,standard,-0.6958376077196234,3,0.7595195284105567,0.9598362798490732,-0.08923406807193947,3.23,Low,750.0,Corporate,On Time,0,2.0,0,0
ORD10226,2026-05-01,2026-05-02,second_class,1.6613358601652797,6,-1.24688589365159,1.0833233625072094,-0.06278222671622745,0.33,Low,1500.0,Corporate,Late,1,1.0,2,0
ORD10227,2026-01-27,2026-01-30,same_day,0.7184664730113185,6,-1.0797565002286487,0.23537872825467332,-0.07226895675468095,0.63,Low,750.0,Consumer,On Time,0,3.0,0,0
ORD10228,2026-07-09,2026-07-13,second_class,1.189901166588299,6,1.305248159995671,-0.5446480105358874,-0.06734249441263726,3.67,Low,1000.0,Corporate,Late,1,4.0,1,0
ORD10229,2026-05-01,2026-05-02,same_day,1.189901166588299,7,-0.42232403936595636,-0.5014275316055397,-0.05734652494509909,1.24,Medium,1500.0,Home Office,On Time,0,1.0,0,0
ORD10230,2026-04-26,2026-04-29,second_class,2.1327705537422603,7,-1.1198334466106805,-0.9295160848204121,-0.08081445211802854,0.51,High,500.0,Home Office,Late,1,3.0,2,0
ORD10231,2026-07-24,2026-07-28,standard,-1.6387069948735846,1,0.6998304593309348,-0.39440539330182167,-0.08463088694049446,2.4,Medium,1500.0,Corporate,On Time,0,4.0,0,0
ORD10232,2026-08-21,2026-08-24,standard,1.6613358601652797,7,-0.44875776995836036,-1.1085723546747097,-0.03425051420914159,1.19,Medium,1000.0,Consumer,Late,1,3.0,1,0
ORD10233,2026-01-03,2026-01-07,standard,-0.6958376077196234,3,-1.1957238344404855,-0.4088122196119374,-0.08861039281609422,0.44,High,1500.0,Consumer,On Time,0,4.0,0,0
ORD10234,2026-04-13,2026-04-16,standard,-0.22440291414264277,3,-1.1138645397027185,0.8816277941655867,-0.08431046662556478,0.53,Low,500.0,Consumer,Late,1,3.0,1,0
ORD10235,2026-07-17,2026-07-19,first_class,1.189901166588299,7,0.7603722293974082,-0.6105077879535601,-0.027055361601569055,3.06,High,500.0,Corporate,On Time,0,2.0,0,0
ORD10236,2026-07-19,2026-07-22,same_day,0.24703177943433785,5,1.4220681951943597,0.10983352755223488,-0.08556353892859332,3.61,Medium,1500.0,Corporate,On Time,0,3.0,0,0
ORD10237,2026-06-04,2026-06-07,second_class,0.24703177943433785,4,0.5301429629474382,0.48235289357094613,-0.0772211671577458,2.93,Medium,500.0,Home Office,Late,1,3.0,1,0
ORD10238,2026-05-17,2026-05-21,standard,2.1327705537422603,7,1.322302179732706,0.7643150656403571,15.628492406748041,3.05,Low,750.0,Consumer,Late,1,4.0,2,1
ORD10239,2026-03-03,2026-03-07,standard,0.7184664730113185,6,-0.4922455202877991,-0.6146240240421645,-0.09817722793328013,1.26,Medium,1500.0,Corporate,On Time,0,4.0,0,0
ORD10240,2026-06-14,2026-06-16,standard,-0.6958376077196234,2,-0.2509311410087564,-0.921283612643203,-0.07775615464785159,1.71,Low,500.0,Corporate,Late,1,2.0,1,0
ORD10241,2026-08-13,2026-08-17,first_class,-0.22440291414264277,4,0.15921803366693105,-0.9850852720165736,-0.09169443834729231,2.04,Medium,500.0,Corporate,On Time,0,4.0,0,0
ORD10242,2026-02-20,2026-02-23,standard,0.24703177943433785,4,0.7561087244631498,-0.890411841978669,-0.06836097327080656,3.09,Low,1500.0,Consumer,Late,1,3.0,1,0
ORD10243,2026-08-22,2026-08-26,standard,-0.22440291414264277,3,0.620529267553723,-0.5611129548903055,-0.03435350645322613,2.43,High,750.0,Consumer,Late,1,4.0,1,0
ORD10244,2026-06-21,2026-06-25,standard,-0.22440291414264277,4,-0.4410834610766947,-1.118862944896221,-0.10045736178148504,1.35,Medium,1500.0,Home Office,On Time,0,4.0,0,0
ORD10245,2026-06-01,2026-06-05,standard,1.6613358601652797,7,-0.5672832071307524,-0.7710409954091373,-0.08325193522802926,1.54,Low,500.0,Consumer,Late,1,4.0,1,0
ORD10246,2026-07-26,2026-07-28,same_day,1.189901166588299,6,-0.0820963456121118,1.021579821178141,-0.062275848182811816,2.17,Medium,1500.0,Corporate,Late,1,2.0,1,0
ORD10247,2026-02-28,2026-03-02,standard,0.7184664730113185,6,3.725213560680912,0.8939765024314004,-0.1003171778937033,5.87,Low,500.0,Home Office,On Time,0,2.0,0,0
ORD10248,2026-04-28,2026-04-29,standard,-1.167272301296604,1,-0.4854239123929852,-1.2917448606176118,-0.020741364860053114,1.29,Medium,1000.0,Consumer,Late,1,1.0,1,0
ORD10249,2026-06-09,2026-06-11,standard,0.7184664730113185,6,-0.5766629179861215,3.736237521612837,-0.064610339048728,1.01,High,1500.0,Consumer,On Time,0,2.0,0,0
ORD10250,2026-04-06,2026-04-08,standard,1.189901166588299,6,-1.0652605834521691,1.4249709578613865,-0.0355550826342124,0.71,Medium,1500.0,Consumer,Late,1,2.0,1,0
ORD10251,2026-08-04,2026-08-06,second_class,-0.22440291414264277,3,-0.7923962676596121,-1.1229791809848257,-0.0858267413301427,1.02,Low,500.0,Consumer,Late,1,2.0,1,0
ORD10252,2026-08-21,2026-08-24,second_class,0.7184664730113185,6,-0.1912420719291346,-0.178302998650083,-0.08387561048387451,2.21,Medium,500.0,Corporate,On Time,0,3.0,0,0
ORD10253,2026-06-29,2026-06-30,standard,-1.167272301296604,1,-0.31999992094374746,-0.6207983781750714,-0.07855434453950676,1.51,Medium,500.0,Consumer,Late,1,1.0,1,0
ORD10254,2026-04-23,2026-04-26,second_class,-0.6958376077196234,2,0.1387532099824891,-0.6887162736370465,0.049934201747291664,2.26,High,500.0,Corporate,Late,1,3.0,1,1
ORD10255,2026-03-03,2026-03-05,standard,1.6613358601652797,7,1.5721435688802659,-1.139444125339244,-0.02190288850167316,4.73,Low,1500.0,Corporate,Late,1,2.0,1,0
ORD10256,2026-07-05,2026-07-07,second_class,-0.6958376077196234,3,-1.4327747087852696,0.7519663573745438,-0.07169677762087796,0.09,Medium,500.0,Corporate,On Time,0,2.0,0,0
ORD10257,2026-02-21,2026-02-22,standard,-1.167272301296604,2,-0.2065906896924659,0.7293270588872185,-0.0683666950621446,1.67,unknown,1500.0,Home Office,On Time,0,1.0,0,0
ORD10258,2026-01-12,2026-01-13,standard,-0.22440291414264277,3,0.14728021985100664,0.14276341626107125,-0.055795919492493004,2.39,Low,750.0,Corporate,Late,1,1.0,1,0
ORD10259,2026-02-08,2026-02-12,second_class,0.24703177943433785,5,2.6925926656034536,2.6186794235567037,0.08265426551381538,5.52,Low,1500.0,Consumer,On Time,0,4.0,0,1
ORD10260,2026-05-10,2026-05-12,second_class,-0.22440291414264277,4,0.3860364961694942,-0.37382421285879885,-0.06452165128298853,2.22,Medium,500.0,Home Office,On Time,0,2.0,0,0
ORD10261,2026-05-11,2026-05-13,second_class,0.7184664730113185,5,-0.6602276146975922,-0.7566341690990214,-0.07387678012066734,1.27,High,500.0,Consumer,Late,1,2.0,1,0
ORD10262,2026-04-23,2026-04-26,standard,0.7184664730113185,6,-0.5962750406837116,-0.9233417306875052,-0.0820331936730289,1.31,High,750.0,Corporate,On Time,0,3.0,0,0
ORD10263,2026-04-11,2026-04-15,standard,-0.6958376077196234,2,-0.6755762324609235,-0.8574819532698326,-0.06891884792626447,1.16,Medium,1500.0,Consumer,Late,1,4.0,1,0
ORD10264,2026-04-23,2026-04-25,same_day,1.189901166588299,6,-0.11449898311247787,1.3817504789310386,-0.08618149239310054,1.63,Medium,750.0,Home Office,Late,1,2.0,1,0
ORD10265,2026-07-03,2026-07-06,standard,0.24703177943433785,4,0.5497550856450283,0.16128647865979168,-0.06080248691326913,2.32,Low,1500.0,Home Office,Late,1,3.0,1,0
ORD10266,2026-03-22,2026-03-23,standard,-0.6958376077196234,3,-0.9680526709510707,-0.5611129548903055,-0.09569110959690616,0.74,High,500.0,Consumer,On Time,0,1.0,0,0
ORD10267,2026-07-06,2026-07-09,standard,-0.22440291414264277,4,0.06968443004749819,-0.7257623984344872,-0.08056269329915523,2.26,High,1500.0,Consumer,On Time,0,3.0,0,0
ORD10268,2026-04-23,2026-04-25,standard,-1.6387069948735846,1,0.053483111297315006,0.5996656220961757,-0.051862187947597484,1.73,High,500.0,Consumer,On Time,0,2.0,0,0
ORD10269,2026-01-02,2026-01-05,standard,0.24703177943433785,4,-0.3379066416676341,-1.0694681118329665,-0.06494506384200274,1.25,Medium,500.0,Home Office,Late,1,3.0,1,0
ORD10270,2026-05-10,2026-05-13,standard,-1.6387069948735846,1,-0.2884499844302331,-0.9912596261494803,-0.08420175259014222,1.47,Low,1000.0,Corporate,On Time,0,3.0,0,0
ORD10271,2026-08-08,2026-08-12,standard,0.7184664730113185,4,-0.9825485877275502,0.7581407115074504,-0.0800019577480283,0.56,High,1000.0,Consumer,Late,1,4.0,2,0
ORD10272,2026-02-23,2026-02-27,same_day,1.6613358601652797,7,0.0065845570204691875,0.10983352755223488,-0.038055505448931444,1.84,Medium,1500.0,Corporate,Late,1,4.0,1,0
ORD10273,2026-03-28,2026-03-29,standard,-1.167272301296604,1,-0.9390608373981114,-0.921283612643203,-0.09374570054197601,0.67,Low,500.0,Home Office,Late,1,1.0,1,0
ORD10274,2026-08-17,2026-08-21,standard,-1.167272301296604,2,0.5702199093294702,-0.12890816558682863,-0.0936884826285957,2.85,Medium,750.0,Consumer,On Time,0,4.0,0,0
ORD10275,2026-08-12,2026-08-15,first_class,0.7184664730113185,6,-0.6141817614075981,-0.8574819532698326,-0.09077036904620049,1.2,Low,500.0,Consumer,On Time,0,3.0,0,0
ORD10276,2026-08-13,2026-08-17,first_class,1.189901166588299,6,-1.236653481809369,-0.16801240842857168,-0.0752299837721114,0.42,Low,750.0,Home Office,Late,1,4.0,1,0
ORD10277,2026-05-09,2026-05-11,standard,0.24703177943433785,5,1.3342399935486302,-0.28532513695380124,-0.09506457344539189,3.24,Medium,1500.0,Consumer,On Time,0,2.0,0,0
ORD10278,2026-05-27,2026-05-30,second_class,0.7184664730113185,6,-0.6883667472636996,-0.6187402601307691,-0.042149447151291805,0.89,Medium,1500.0,Corporate,On Time,0,3.0,0,0
ORD10279,2026-05-06,2026-05-09,standard,-0.6958376077196234,3,-0.7148004778561037,-0.6166821420864669,-0.09070742934148215,0.98,High,750.0,Home Office,On Time,0,3.0,0,0
ORD10280,2026-05-10,2026-05-13,second_class,2.1327705537422603,7,-1.1803752166771542,-0.21123288735891937,-0.06921352018017302,0.46,Low,750.0,Home Office,Late,1,3.0,2,0
ORD10281,2026-02-22,2026-02-24,standard,0.24703177943433785,4,0.7791316511081467,-0.5446480105358874,-0.08606133477500193,3.52,Low,500.0,Consumer,Late,1,2.0,1,0
ORD10282,2026-06-21,2026-06-24,standard,0.7184664730113185,5,-0.8239462041731265,1.7666185532155636,-0.07648591697080896,0.99,Low,1500.0,Home Office,Late,1,3.0,1,0
ORD10283,2026-08-06,2026-08-10,second_class,-0.22440291414264277,3,-0.6866613452899961,-0.22769783171333757,-0.09698423443930092,1.2,Low,500.0,Consumer,Late,1,4.0,1,0
ORD10284,2026-06-09,2026-06-11,first_class,-0.6958376077196234,3,-0.1912420719291346,2.9767919632652995,-0.039777764641678426,0.52,Low,750.0,Consumer,On Time,0,2.0,0,0
ORD10285,2026-07-17,2026-07-20,standard,-1.167272301296604,1,0.44402016327541255,-1.215594492978428,-0.09113942458750342,2.12,Medium,1000.0,Home Office,Late,1,3.0,1,0
ORD10286,2026-06-09,2026-06-13,standard,0.7184664730113185,6,0.28115427478673,-0.6640188571054191,-0.09229522643778544,2.91,Medium,1000.0,Consumer,On Time,0,4.0,0,0
ORD10287,2026-03-09,2026-03-13,standard,-0.6958376077196234,2,-0.9706107739116258,0.3588658109128099,0.08088337109469512,0.9,Medium,1000.0,Corporate,Late,1,4.0,1,1
ORD10288,2026-07-02,2026-07-03,first_class,-1.167272301296604,2,-0.5945696387100081,3.736237521612837,-0.0587655291969305,1.14,High,750.0,Corporate,On Time,0,1.0,0,0
ORD10289,2026-07-22,2026-07-26,standard,0.24703177943433785,5,1.4476492247999118,-1.125037299029128,-0.041694564739918435,4.26,Medium,500.0,Consumer,On Time,0,4.0,0,0
ORD10290,2026-07-03,2026-07-07,standard,1.189901166588299,7,-1.3210708795076915,-0.26886019259938304,-0.062055559216297664,0.21,Low,1500.0,Corporate,On Time,0,4.0,0,0
ORD10291,2026-05-03,2026-05-04,standard,-1.167272301296604,2,4.304197530753244,0.24566931847618484,-0.08403009885000132,8.2,Low,750.0,Consumer,On Time,0,1.0,0,0
ORD10292,2026-05-25,2026-05-26,second_class,0.24703177943433785,4,-0.4376726571292878,1.4393777841715023,-0.09462971730370162,1.54,High,1000.0,Corporate,Late,1,1.0,1,0
ORD10293,2026-02-07,2026-02-09,second_class,-1.167272301296604,2,-0.979990484766995,-0.6578445029725124,-0.08129508259042305,0.76,Medium,500.0,Home Office,On Time,0,2.0,0,0
ORD10294,2026-01-24,2026-01-28,second_class,0.24703177943433785,5,-0.9527040531877393,-0.47055576094100554,-0.0913311045973274,0.86,High,1500.0,Consumer,On Time,0,4.0,0,0
ORD10295,2026-03-10,2026-03-12,standard,-1.167272301296604,2,0.38688919715634573,-0.9480391472191325,-0.09063590694975678,2.38,High,1500.0,Consumer,On Time,0,2.0,0,0
ORD10296,2026-04-26,2026-04-28,same_day,0.24703177943433785,4,-0.1912420719291346,-0.5281830661814692,-0.09683832876018114,2.6,High,750.0,Consumer,Late,1,2.0,1,0
ORD10297,2026-04-08,2026-04-11,second_class,-1.6387069948735846,1,1.0562594718349625,-0.3779404489474035,-0.07216024271925839,3.45,High,750.0,Consumer,On Time,0,3.0,0,0
ORD10298,2026-07-17,2026-07-19,second_class,1.6613358601652797,7,-0.34302284758874446,0.1818676591028145,-0.004062343109696087,1.54,Medium,1500.0,Consumer,Late,1,2.0,1,1
ORD10299,2026-08-02,2026-08-04,standard,0.24703177943433785,5,-0.5971277416705633,0.6202468025391983,-0.05862820620481778,1.51,Low,1500.0,Consumer,On Time,0,2.0,0,0
ORD10300,2026-05-19,2026-05-21,standard,-1.6387069948735846,1,-1.2639399133886249,-1.0674099937886643,-0.07737851641954162,0.4,High,1000.0,Home Office,On Time,0,2.0,0,0
ORD10301,2026-08-28,2026-08-30,second_class,-1.6387069948735846,1,-0.23728792521912853,-0.7484016969218122,-0.07592232052401303,1.64,Medium,1500.0,Home Office,On Time,0,2.0,0,0
ORD10302,2026-05-24,2026-05-25,standard,-1.167272301296604,1,-0.5621670012096419,0.11189164559653711,-0.10323529147609853,1.13,Low,750.0,Corporate,Late,1,1.0,1,0
ORD10303,2026-04-07,2026-04-11,first_class,-0.22440291414264277,3,0.35619196162968314,-1.1908970764468008,-0.08354374658626879,2.03,Medium,500.0,Consumer,Late,1,4.0,1,0
ORD10304,2026-07-20,2026-07-23,second_class,1.189901166588299,7,0.9624623632812709,2.128847329012763,-0.09564533526620193,3.75,Medium,1000.0,Corporate,On Time,0,3.0,0,0
ORD10305,2026-05-04,2026-05-05,second_class,1.189901166588299,6,-0.1912420719291346,1.254147160184298,-0.07164242060316668,2.53,High,1000.0,Corporate,Late,1,1.0,1,0
ORD10306,2026-07-06,2026-07-09,same_day,1.6613358601652797,7,0.25130974024691893,0.2662504989192075,-0.08055124971647916,2.86,Medium,1500.0,Home Office,Late,1,3.0,1,0
ORD10307,2026-03-11,2026-03-14,second_class,-0.6958376077196234,3,-0.07101123278303925,0.5276314905455959,-0.09004656244193972,1.92,Low,500.0,Corporate,On Time,0,3.0,0,0
ORD10308,2026-07-27,2026-07-28,standard,1.189901166588299,6,0.09526545965305049,1.1162532512160457,-0.07222604331964573,1.98,High,1000.0,Home Office,Late,1,1.0,1,0
ORD10309,2026-04-03,2026-04-05,standard,1.189901166588299,7,-0.3822470929839246,1.2088685632096479,-0.07244633228615988,1.27,High,750.0,Corporate,On Time,0,2.0,0,0
ORD10310,2026-01-03,2026-01-04,standard,-1.167272301296604,1,-0.2500784400219047,0.3032966237166483,-0.008184893768746588,1.51,Medium,1500.0,Consumer,Late,1,1.0,1,0
ORD10311,2026-05-28,2026-05-31,first_class,0.24703177943433785,5,1.4229208961812112,-1.026247632902619,-0.05379901431552059,4.39,Low,750.0,Corporate,On Time,0,3.0,0,0
ORD10312,2026-07-06,2026-07-09,standard,0.7184664730113185,6,0.14045861195619255,0.08925234710921225,-0.06941950466834208,2.18,Medium,1500.0,Home Office,On Time,0,3.0,0,0
ORD10313,2026-06-13,2026-06-15,standard,-0.22440291414264277,4,-0.4572847798268777,1.2891351669374365,-0.09097921443003858,1.16,Medium,1000.0,Home Office,On Time,0,2.0,0,0
ORD10314,2026-05-27,2026-05-28,first_class,0.7184664730113185,4,-0.7173585808166588,-0.0733389783906672,-0.09237247062084886,1.11,Low,1500.0,Home Office,Late,1,1.0,2,0
ORD10315,2026-03-31,2026-04-04,second_class,-0.6958376077196234,2,-0.30209320021986097,0.7848962460833798,-0.05714626224826805,1.57,Low,500.0,Corporate,Late,1,4.0,1,0
ORD10316,2026-07-14,2026-07-17,same_day,1.189901166588299,6,1.0818405014405148,0.5420383168557118,-0.07936111711816896,2.8,Medium,750.0,Corporate,Late,1,3.0,1,0
ORD10317,2026-05-27,2026-05-28,second_class,0.24703177943433785,5,0.382625692222087,0.7746056558618687,-0.06850973984559534,2.23,Medium,500.0,Home Office,On Time,0,1.0,0,0
ORD10318,2026-05-28,2026-05-30,second_class,-0.6958376077196234,3,-1.420836894969345,-0.6413795586180941,-0.04093356649196046,0.1,Medium,750.0,Consumer,On Time,0,2.0,0,0
ORD10319,2026-04-06,2026-04-08,first_class,-1.6387069948735846,1,-0.05139911008544918,0.7313851769315207,-0.09632336753975845,2.13,Low,750.0,Consumer,On Time,0,2.0,0,0
ORD10320,2026-07-18,2026-07-22,same_day,-1.167272301296604,2,-0.7216220857509176,-0.8410170089154143,-0.016747554506108264,1.06,Medium,1500.0,Corporate,On Time,0,4.0,0,0
ORD10321,2026-02-21,2026-02-24,first_class,-0.22440291414264277,4,1.2361793800606795,-0.8369007728268099,-0.04135697905097467,4.39,Medium,1000.0,Corporate,On Time,0,3.0,0,0
ORD10322,2026-08-21,2026-08-25,second_class,-0.22440291414264277,3,-0.8410002239101612,-0.5508223646687942,-0.09969636353352705,0.83,Low,1000.0,Home Office,Late,1,4.0,1,0
ORD10323,2026-06-10,2026-06-14,same_day,-0.22440291414264277,3,-0.3626349702863345,0.4535392409507142,12.767596737733115,1.81,Low,500.0,Corporate,Late,1,4.0,1,1
ORD10324,2026-06-17,2026-06-21,same_day,-1.6387069948735846,1,-0.769373341014615,0.054264340356073644,-0.06640698152886937,0.84,Medium,1500.0,Corporate,On Time,0,4.0,0,0
ORD10325,2026-05-08,2026-05-12,standard,1.189901166588299,6,0.5497550856450283,-0.03629285359322638,-0.08446495499169158,2.35,High,1000.0,Home Office,Late,1,4.0,1,0
ORD10326,2026-02-08,2026-02-10,standard,0.24703177943433785,4,-0.41976593640540116,-0.44585834440937844,-0.06000715791728298,1.39,Medium,750.0,Home Office,Late,1,2.0,1,0
ORD10327,2026-03-23,2026-03-26,standard,0.7184664730113185,5,-0.3387593426544858,-0.24622089411205797,-0.09132252191032036,1.81,Low,750.0,Corporate,Late,1,3.0,1,0
ORD10328,2026-04-14,2026-04-18,standard,-0.22440291414264277,3,-0.49906712818261306,-0.950097265263435,-0.05905734055517003,1.66,Low,1500.0,Consumer,Late,1,4.0,1,0
ORD10329,2026-05-09,2026-05-12,standard,-0.6958376077196234,1,0.5207632520920691,-0.9768527998393643,-0.0890853014971507,2.33,High,500.0,Corporate,Late,1,3.0,2,0
ORD10330,2026-01-11,2026-01-13,standard,0.7184664730113185,5,-0.2671324597589396,0.3938538176659485,0.03670542017376662,1.55,Low,1500.0,Consumer,Late,1,2.0,1,1
ORD10331,2026-08-08,2026-08-10,standard,0.7184664730113185,6,-0.963789166016812,-1.277338034307496,-0.07352775084904753,0.65,Medium,500.0,Consumer,On Time,0,2.0,0,0
ORD10332,2026-07-04,2026-07-05,first_class,-0.22440291414264277,4,-0.1912420719291346,1.4784820270132455,-0.05522374035869002,0.73,Medium,1500.0,Consumer,On Time,0,1.0,0,0
ORD10333,2026-08-05,2026-08-06,second_class,1.6613358601652797,6,0.13790050899563752,-0.011595437061599101,-0.0889908919400732,2.13,Low,750.0,Home Office,Late,1,1.0,2,0
ORD10334,2026-06-27,2026-06-30,standard,-0.6958376077196234,3,-0.8597596456208996,-0.5961009616434442,-0.048406225979427446,0.76,High,1500.0,Home Office,On Time,0,3.0,0,0
ORD10335,2026-05-31,2026-06-01,second_class,0.24703177943433785,5,-0.03519779133526599,-1.3699533463010982,-0.07527575810281566,1.95,Medium,1000.0,Home Office,On Time,0,1.0,0,0
ORD10336,2026-06-08,2026-06-12,second_class,0.24703177943433785,5,-1.0149512252279165,-0.8327845367382054,-0.0955251776481033,0.61,Medium,1000.0,Corporate,On Time,0,4.0,0,0
ORD10337,2026-08-10,2026-08-13,first_class,0.7184664730113185,5,-0.5468183834463106,-0.3985216293904261,-0.080136419844472,1.11,Low,1500.0,Home Office,Late,1,3.0,1,0
ORD10338,2026-02-11,2026-02-13,same_day,0.24703177943433785,3,-0.27480676864060527,-1.2917448606176118,0.027438979101827278,1.84,Low,500.0,Home Office,Late,1,2.0,2,1
ORD10339,2026-04-09,2026-04-11,standard,-0.6958376077196234,3,-1.0618497795047621,-0.56522919097891,-0.04652661752488464,0.72,Medium,500.0,Corporate,On Time,0,2.0,0,0
ORD10340,2026-01-07,2026-01-11,standard,0.7184664730113185,6,1.1457930754543955,1.1779967925451136,-0.08275986117295869,3.41,Medium,750.0,Corporate,On Time,0,4.0,0,0
ORD10341,2026-05-24,2026-05-25,standard,-0.6958376077196234,2,2.9603407754749003,-0.2668020745550808,-0.09869218915370281,7.23,Low,750.0,Consumer,Late,1,1.0,1,0
ORD10342,2026-03-31,2026-04-03,standard,0.7184664730113185,6,0.5233213550526244,1.5052375615891749,-0.08958595823922831,2.36,Low,500.0,Corporate,On Time,0,3.0,0,0
ORD10343,2026-04-22,2026-04-25,first_class,-0.22440291414264277,4,0.14728021985100664,-0.8163195923837873,-0.09547940331739906,1.96,Low,1500.0,Corporate,On Time,0,3.0,0,0
ORD10344,2026-03-01,2026-03-05,standard,-1.167272301296604,1,1.9149293655946655,-0.21123288735891937,-0.09854914437025207,3.81,High,750.0,Home Office,Late,1,4.0,1,0
ORD10345,2026-04-23,2026-04-24,standard,0.24703177943433785,5,1.1295917567042122,0.2580180267419986,-0.04973654246551939,3.23,Medium,500.0,Consumer,On Time,0,1.0,0,0
ORD10346,2026-01-02,2026-01-05,standard,-1.167272301296604,2,-0.841852924897013,0.5132246642354803,-0.07347339383133625,1.07,High,500.0,Consumer,On Time,0,3.0,0,0
ORD10347,2026-05-09,2026-05-13,standard,-1.167272301296604,1,-0.6730181295003683,1.0997883068616277,0.01445623455583754,1.22,Low,1500.0,Corporate,Late,1,4.0,1,1
ORD10348,2026-02-17,2026-02-20,first_class,-1.6387069948735846,2,0.08332764583712605,1.671945123177659,-0.09154853266817256,1.82,High,1000.0,Home Office,On Time,0,3.0,-1,0
ORD10349,2026-05-20,2026-05-22,first_class,1.6613358601652797,7,-0.24496223410079435,-0.27091831064368527,-0.07503258197094938,1.93,Low,500.0,Home Office,Late,1,2.0,1,0
ORD10350,2026-07-16,2026-07-19,standard,0.7184664730113185,6,0.33572713794524145,1.3241231736905752,-0.09537927196898353,2.21,Medium,750.0,Home Office,On Time,0,3.0,0,0
ORD10351,2026-02-06,2026-02-09,standard,-0.6958376077196234,3,1.7017541188817302,4.3907190597009595,-0.08629878911553016,3.72,High,1500.0,Home Office,On Time,0,3.0,0,0
ORD10352,2026-06-09,2026-06-12,standard,0.24703177943433785,5,-0.6414681929868538,0.8425235513238436,-0.07980455594686628,1.22,Low,1500.0,Corporate,On Time,0,3.0,0,0
ORD10353,2026-01-09,2026-01-10,standard,0.7184664730113185,6,-0.07527473771729772,-0.8080871202065781,-0.08268547788556431,2.02,Medium,1500.0,Home Office,On Time,0,1.0,0,0
ORD10354,2026-08-21,2026-08-22,second_class,-1.167272301296604,1,-0.8759609643710826,-0.2565114843335693,-0.07369082190218137,0.8,Low,1000.0,Consumer,Late,1,1.0,1,0
ORD10355,2026-04-09,2026-04-13,standard,1.6613358601652797,7,-0.030934286401007222,0.22303001998885996,-0.04124826501555211,1.66,Low,1000.0,Consumer,Late,1,4.0,1,0
ORD10356,2026-05-27,2026-05-28,second_class,1.6613358601652797,7,-1.058438975557355,0.155112124526885,-0.046191892731609896,0.66,Medium,750.0,Corporate,Late,1,1.0,1,0
ORD10357,2026-02-17,2026-02-20,second_class,1.189901166588299,7,-0.5357332706172379,-0.39440539330182167,-0.08877060297355906,1.06,Medium,750.0,Home Office,On Time,0,3.0,0,0
ORD10358,2026-07-27,2026-07-30,standard,-1.167272301296604,1,0.425260741564674,1.9024543441395132,-0.07568772707915379,2.41,Medium,1500.0,Home Office,Late,1,3.0,1,0
ORD10359,2026-05-11,2026-05-12,standard,-1.6387069948735846,1,-1.0976632209525354,-1.1950133125354052,-0.0493732087155545,0.44,Medium,750.0,Home Office,On Time,0,1.0,0,0
ORD10360,2026-05-28,2026-05-29,same_day,-1.167272301296604,1,1.0596702757823695,-0.19888417909310582,-0.038035479179248335,4.09,Medium,500.0,Home Office,Late,1,1.0,1,0
ORD10361,2026-06-01,2026-06-04,second_class,-1.167272301296604,1,1.817721453093567,0.1901001312800236,-0.08727721543433327,5.19,Low,1000.0,Corporate,Late,1,3.0,1,0
ORD10362,2026-02-23,2026-02-26,standard,1.189901166588299,7,0.8669598527538759,-0.7751572314977418,-0.05293502382347808,2.7,Low,1500.0,Home Office,On Time,0,3.0,0,0
ORD10363,2026-04-30,2026-05-02,second_class,1.189901166588299,7,1.2404428849949387,1.2026942090767412,-0.06611230927496084,3.08,High,1500.0,Corporate,On Time,0,2.0,0,0
ORD10364,2026-06-10,2026-06-14,second_class,-1.167272301296604,2,-0.15372322850765804,0.08719422906491002,-0.09229236554211642,1.81,Low,500.0,Home Office,On Time,0,4.0,0,0
ORD10365,2026-06-01,2026-06-02,standard,1.189901166588299,6,0.633319782356499,-0.0651065062134581,-0.04911286720967413,2.55,Medium,500.0,Home Office,Late,1,1.0,1,0
ORD10366,2026-04-26,2026-04-30,second_class,1.189901166588299,5,1.1253282517699534,0.4473648868178075,-0.07119325998313134,2.95,Low,500.0,Consumer,Late,1,4.0,2,0
ORD10367,2026-03-16,2026-03-19,standard,-0.6958376077196234,3,-0.00450055580860336,-0.05275779794764456,-0.09791402553173077,2.46,Medium,500.0,Corporate,On Time,0,3.0,0,0
ORD10368,2026-04-23,2026-04-27,first_class,1.189901166588299,7,1.2617604096662323,0.6984552882226844,-0.08120067303334556,3.49,Medium,1500.0,Consumer,On Time,0,4.0,0,0
ORD10369,2026-07-19,2026-07-20,same_day,-0.6958376077196234,3,0.43549315340689504,-1.3226166312821461,-0.07402554669545613,2.19,Low,1000.0,Corporate,On Time,0,1.0,0,0
ORD10370,2026-06-13,2026-06-14,second_class,1.189901166588299,6,-0.5655778051570489,-1.2588149719087756,-0.08646472106433302,1.28,Low,1000.0,Home Office,Late,1,1.0,1,0
ORD10371,2026-06-15,2026-06-19,standard,0.7184664730113185,6,-0.5792210209466768,0.8733953219883778,-0.02741297356019592,1.32,Medium,500.0,Home Office,On Time,0,4.0,0,0
ORD10372,2026-04-14,2026-04-15,standard,-0.6958376077196234,3,-0.2057379887056142,-0.23593030389054664,-0.02523583195607556,1.5,Medium,750.0,Corporate,On Time,0,1.0,0,0
ORD10373,2026-03-25,,first_class,1.189901166588299,7,1.0554067708481107,-0.7895640578078577,-0.08282280087767703,3.6,Low,1500.0,Consumer,On Time,0,,0,0
ORD10374,2026-08-15,2026-08-18,second_class,-0.22440291414264277,3,0.5813050221585429,0.07484552079909629,-0.08468810485387476,3.49,Medium,1000.0,Corporate,Late,1,3.0,1,0
ORD10375,2026-04-22,2026-04-25,second_class,-1.167272301296604,2,-0.9527040531877393,-0.26268583846647614,-0.07792780838799249,0.6,Low,500.0,Corporate,On Time,0,3.0,0,0
ORD10376,2026-08-05,2026-08-06,same_day,0.24703177943433785,4,1.927719880397442,-0.8430751269597168,-0.07936111711816896,4.3,High,750.0,Home Office,Late,1,1.0,1,0
ORD10377,2026-04-09,2026-04-12,second_class,1.189901166588299,7,1.8492713896070818,3.234056718803083,-0.08626445836750198,3.83,Medium,750.0,Consumer,On Time,0,3.0,0,0
ORD10378,2026-06-02,2026-06-04,standard,1.189901166588299,7,-0.9518513522008876,1.9189192884939317,-0.10448550288345805,0.63,Low,500.0,Corporate,On Time,0,2.0,0,0
ORD10379,2026-04-03,2026-04-04,standard,0.24703177943433785,5,0.16177613662748608,-0.70106498190286,0.010857227804216767,2.69,Medium,1500.0,Consumer,On Time,0,1.0,0,1
ORD10380,2026-05-26,2026-05-28,standard,-1.6387069948735846,1,-0.1554286304813615,-0.6907743916813487,-0.07496964226623104,2.06,Medium,1000.0,Consumer,On Time,0,2.0,0,0
ORD10381,2026-05-08,2026-05-10,second_class,-0.22440291414264277,4,1.4143938863126937,-0.8163195923837873,-0.07891767828947165,4.15,Low,750.0,Corporate,On Time,0,2.0,0,0
ORD10382,2026-04-20,2026-04-23,first_class,0.7184664730113185,6,-0.887898778187007,-0.5714035451118169,-0.06629254570210877,0.88,Medium,1000.0,Consumer,On Time,0,3.0,0,0
ORD10383,2026-03-23,2026-03-26,first_class,1.6613358601652797,7,0.6444048951855715,0.5790844416531526,-0.07681205907707665,2.62,Low,1000.0,Home Office,Late,1,3.0,1,0
ORD10384,2026-07-13,2026-07-17,standard,-1.167272301296604,3,0.4337877514331916,-0.13096628363113086,-0.08365532151736037,2.4,Low,750.0,Home Office,On Time,0,4.0,-1,0
ORD10385,2026-02-23,2026-02-25,standard,-0.22440291414264277,4,0.5352591688685489,-0.5837522533776306,-0.09163722043391201,1.72,Low,500.0,Home Office,On Time,0,2.0,0,0
ORD10386,2026-06-12,2026-06-15,standard,0.7184664730113185,5,0.24107732840469798,-0.3450105602385671,-0.09851195272655489,2.61,Medium,750.0,Home Office,Late,1,3.0,1,0
ORD10387,2026-07-27,2026-07-29,first_class,1.189901166588299,6,-0.9978972054908816,-0.5755197812004215,-0.09504454717570879,0.7,Low,750.0,Consumer,Late,1,2.0,1,0
ORD10388,2026-07-08,2026-07-12,standard,-1.167272301296604,1,0.7356439007787078,-0.867772543491344,-0.09282163124088419,2.87,Medium,1500.0,Home Office,Late,1,4.0,1,0
ORD10389,2026-06-18,2026-06-20,standard,-1.167272301296604,1,0.7706046412396292,-0.9603878554849461,-0.05518368781932382,3.01,Medium,1000.0,Corporate,Late,1,2.0,1,0
ORD10390,2026-08-16,2026-08-17,standard,0.24703177943433785,5,0.12852079814026843,-0.9912596261494803,-0.052268435132597595,2.55,Medium,500.0,Home Office,On Time,0,1.0,0,0
ORD10391,2026-06-10,2026-06-14,first_class,0.7184664730113185,5,-0.18697856699487583,0.05220622231177142,-0.0901981899123975,1.61,Medium,1000.0,Corporate,Late,1,4.0,1,0
ORD10392,2026-03-09,2026-03-13,standard,-0.6958376077196234,3,2.075237151122793,1.0483353557540707,-0.10216817739155595,5.76,High,750.0,Corporate,On Time,0,4.0,0,0
ORD10393,2026-02-02,2026-02-04,second_class,1.189901166588299,7,2.0513615234909444,-0.0733389783906672,-0.07476365777806197,4.9,Medium,500.0,Home Office,On Time,0,2.0,0,0
ORD10394,2026-05-22,2026-05-24,first_class,-1.6387069948735846,1,-0.5792210209466768,-1.2979192147505187,-0.08350369404690258,1.1,Medium,500.0,Home Office,On Time,0,2.0,0,0
ORD10395,2026-01-21,2026-01-24,second_class,0.7184664730113185,6,0.3263474270898721,0.023392569691539498,-0.08392710660591678,3.04,Low,500.0,Consumer,On Time,0,3.0,0,0
ORD10396,2026-02-17,2026-02-18,second_class,-0.22440291414264277,4,-0.841852924897013,-0.7257623984344872,-0.04200926326351007,0.84,High,500.0,Corporate,On Time,0,1.0,0,0
ORD10397,2026-05-28,2026-06-01,standard,0.7184664730113185,6,-0.6346465850920399,-0.950097265263435,-0.0715308456720751,1.23,Low,1500.0,Home Office,On Time,0,4.0,0,0
ORD10398,2026-05-08,2026-05-12,standard,-1.167272301296604,2,-0.09573956140173967,-1.1209210629405233,-0.0913110783276443,2.35,Low,500.0,Consumer,On Time,0,4.0,0,0
ORD10399,2026-05-16,2026-05-20,same_day,-1.167272301296604,2,-0.4717806966033573,-0.9521553833077372,-0.0937056480026098,1.56,Medium,750.0,Home Office,On Time,0,4.0,0,0
ORD10400,2026-05-15,2026-05-18,second_class,0.24703177943433785,5,-0.9552621561482945,-0.9377485569976213,-0.08060274583852144,0.6,unknown,1500.0,Home Office,On Time,0,3.0,0,0
ORD10401,2026-07-14,2026-07-15,same_day,-1.167272301296604,3,-0.9313865285164458,-1.1991295486240097,-0.09049572306197506,0.74,Low,750.0,Home Office,On Time,0,1.0,-1,0
ORD10402,2026-05-25,2026-05-29,second_class,-1.167272301296604,2,-0.930533827529594,-0.935690438953319,-0.07664040533693577,0.61,Medium,750.0,Corporate,On Time,0,4.0,0,0
ORD10403,2026-05-08,2026-05-12,standard,-1.6387069948735846,1,-0.9919282985829193,0.32593592220397355,-0.03852469233864989,0.66,Medium,1000.0,Home Office,On Time,0,4.0,0,0
ORD10404,2026-02-02,2026-02-05,standard,1.189901166588299,6,-1.319365477533988,1.3940991871968522,-0.09525911435088491,0.24,Medium,500.0,Consumer,Late,1,3.0,1,0
ORD10405,2026-06-25,2026-06-27,first_class,0.7184664730113185,6,-0.0633369239013733,-1.285570506484705,-0.07283827499281492,1.97,High,500.0,Home Office,On Time,0,2.0,0,0
ORD10406,2026-07-23,2026-07-27,standard,0.7184664730113185,5,-0.38395249495762807,0.7704894197732642,-0.043954672318440226,1.6,Low,750.0,Home Office,Late,1,4.0,1,0
ORD10407,2026-07-06,2026-07-07,standard,1.6613358601652797,7,-1.321923580494543,-0.3923472752575192,-0.07694938206918937,0.27,Low,500.0,Consumer,Late,1,1.0,1,0
ORD10408,2026-04-25,2026-04-26,second_class,1.189901166588299,7,0.6461102971592749,-1.1065142366304075,-0.05239431454203426,3.01,Medium,1500.0,Consumer,On Time,0,1.0,0,0
ORD10409,2026-08-02,2026-08-03,standard,0.24703177943433785,4,-0.3686038771942967,-0.5899266075105373,-0.0810747936239089,1.51,Low,1000.0,Corporate,Late,1,1.0,1,0
ORD10410,2026-04-29,2026-04-30,standard,0.24703177943433785,5,-0.4410834610766947,0.2580180267419986,-0.07067829876270865,1.61,Medium,500.0,Corporate,On Time,0,1.0,0,0
ORD10411,2026-01-22,2026-01-25,second_class,-0.6958376077196234,4,1.1833119188758718,-0.21123288735891937,-0.0626563473067908,3.99,Low,500.0,Corporate,On Time,0,3.0,-1,0
ORD10412,2026-08-26,2026-08-30,second_class,1.6613358601652797,7,-0.5527872903542728,-1.2341175553771482,-0.08595262073957934,1.38,Medium,1500.0,Corporate,Late,1,4.0,1,0
ORD10413,2026-06-07,2026-06-10,standard,0.24703177943433785,5,0.18735716623303836,-0.28738325499810347,0.03355557404218119,2.26,Medium,1000.0,Consumer,On Time,0,3.0,0,1
ORD10414,2026-02-07,2026-02-08,second_class,0.7184664730113185,5,-0.23728792521912853,0.5852587957860597,-0.05792442587024011,1.55,Medium,1500.0,Home Office,Late,1,1.0,1,0
ORD10415,2026-08-18,2026-08-19,second_class,0.7184664730113185,5,-0.6849559433162926,0.3670982830900188,-0.022855566759455142,0.92,Medium,750.0,Home Office,Late,1,1.0,1,0
ORD10416,2026-04-19,2026-04-20,standard,1.189901166588299,7,-0.9893701956223643,-0.5611129548903055,-0.03620164505540977,0.74,Medium,750.0,Home Office,On Time,0,1.0,0,0
ORD10417,2026-02-20,2026-02-23,standard,-0.22440291414264277,4,-0.8563488416734925,-0.2482790121563604,-0.06622674510172143,0.99,Low,500.0,Corporate,On Time,0,3.0,0,0
ORD10418,2026-07-01,2026-07-02,standard,-0.22440291414264277,4,-0.3796889900233693,-0.5199505940042601,-0.01749997006705919,1.55,Low,1000.0,Consumer,On Time,0,1.0,0,0
ORD10419,2026-01-08,2026-01-12,first_class,-0.22440291414264277,5,0.9624623632812709,0.2909479154508349,-0.07021769455999725,2.74,Low,750.0,Consumer,On Time,0,4.0,-1,0
ORD10420,2026-01-27,2026-01-28,standard,-1.167272301296604,2,-1.3952558653637928,0.369156401134321,-0.08823847637912227,0.18,Medium,1500.0,Consumer,On Time,0,1.0,0,0
ORD10421,2026-01-27,2026-01-31,same_day,-0.22440291414264277,3,-1.1172753436501255,-1.3349653395479595,-0.07462633478594925,0.47,Medium,750.0,Home Office,Late,1,4.0,1,0
ORD10422,2026-08-14,2026-08-18,second_class,1.189901166588299,7,0.35363385866912783,0.5955493860075708,-0.09164294222525005,2.45,Medium,750.0,Corporate,On Time,0,4.0,0,0
ORD10423,2026-01-21,2026-01-22,second_class,-0.6958376077196234,3,0.18224096031192802,0.21273942976734847,-0.09993095697838628,2.59,Low,1500.0,Consumer,On Time,0,1.0,0,0
ORD10424,2026-01-30,2026-02-02,same_day,-0.6958376077196234,3,-0.1912420719291346,-0.7339948706116963,-0.08983771705810162,0.87,Medium,500.0,Corporate,On Time,0,3.0,0,0
ORD10425,2026-04-07,2026-04-09,second_class,0.24703177943433785,4,-0.34387554857559616,1.0009986407351184,-0.07321305232545589,1.73,High,1000.0,Consumer,Late,1,2.0,1,0
ORD10426,2026-01-28,2026-01-30,standard,-0.22440291414264277,4,1.1210647468356947,-0.5199505940042601,-0.03667941463213527,2.93,Low,500.0,Corporate,On Time,0,2.0,0,0
ORD10427,2026-04-21,2026-04-25,standard,-1.167272301296604,2,-0.4939509222615027,-0.8533657171812281,-0.08987490870179882,1.33,Low,1500.0,Consumer,On Time,0,4.0,0,0
ORD10428,2026-07-11,2026-07-14,second_class,0.24703177943433785,3,-0.013027565677120588,-0.7257623984344872,-0.039334325812981116,1.89,Low,750.0,Corporate,Late,1,3.0,2,0
ORD10429,2026-08-13,2026-08-15,standard,-0.6958376077196234,3,-0.24496223410079435,-0.19065170691589672,-0.09374856143764501,1.58,Medium,1000.0,Consumer,On Time,0,2.0,0,0
ORD10430,2026-07-16,2026-07-17,standard,0.24703177943433785,5,1.6659406774339576,-0.5919847255548397,-0.09065021142810185,3.89,Medium,500.0,Consumer,On Time,0,1.0,0,0
ORD10431,2026-03-02,2026-03-03,first_class,0.24703177943433785,4,1.8850848310548551,-0.7422273427889055,-0.013171434919839606,4.43,Low,1500.0,Corporate,Late,1,1.0,1,0
ORD10432,2026-02-17,2026-02-21,same_day,-0.22440291414264277,3,0.04069259649453901,-0.8348426547825076,-0.07383672758130114,2.57,Medium,750.0,Corporate,Late,1,4.0,1,0
ORD10433,2026-05-27,2026-05-30,standard,0.7184664730113185,6,-0.1912420719291346,0.4247255883304823,-0.07882040783672514,2.3,Low,750.0,Home Office,On Time,0,3.0,0,0
ORD10434,2026-01-04,2026-01-07,second_class,-1.167272301296604,2,-0.8648758515420101,0.3218196861153687,-0.06890740434358841,0.97,Medium,500.0,Corporate,On Time,0,3.0,0,0
ORD10435,2026-02-04,2026-02-06,standard,1.189901166588299,6,-0.1511651255471027,-1.2917448606176118,-0.0937056480026098,1.63,Medium,1500.0,Consumer,Late,1,2.0,1,0
ORD10436,2026-07-11,2026-07-13,second_class,0.7184664730113185,6,0.46022148202559543,-0.6866581555927441,-0.08189014888957814,3.19,Medium,750.0,Consumer,On Time,0,2.0,0,0
ORD10437,2026-02-18,2026-02-19,standard,1.6613358601652797,7,-0.1912420719291346,0.55850326121013,-0.07491528524851976,0.78,Low,750.0,Corporate,Late,1,1.0,1,0
ORD10438,2026-01-17,2026-01-21,second_class,1.189901166588299,7,-0.12302599298099541,-0.30796443544112606,-0.02722415444604093,2.07,High,1000.0,Home Office,On Time,0,4.0,0,0
ORD10439,2026-06-21,2026-06-24,standard,-1.167272301296604,2,1.3470305083514063,0.6531766912480347,-0.09744769953768131,3.1,Medium,750.0,Corporate,On Time,0,3.0,0,0
ORD10440,2026-08-08,2026-08-10,second_class,0.7184664730113185,6,-0.6175925653550051,1.1306600775261617,0.011578173512808524,1.25,Low,500.0,Consumer,On Time,0,2.0,0,1
ORD10441,2026-06-07,2026-06-09,standard,-0.22440291414264277,3,-0.8503799347655303,1.1141951331717435,-0.07778762450021075,0.93,Low,1500.0,Consumer,Late,1,2.0,1,0
ORD10442,2026-08-09,2026-08-13,standard,0.24703177943433785,4,-0.41464973048429066,0.8425235513238436,-0.09275869153616585,1.2,Medium,1500.0,Home Office,Late,1,4.0,1,0
ORD10443,2026-02-15,2026-02-19,standard,-0.6958376077196234,2,1.3564102192067753,-0.46232328876379647,-0.09449525520725792,3.87,High,1000.0,Corporate,Late,1,4.0,1,0
ORD10444,2026-04-27,2026-04-28,standard,0.7184664730113185,5,-0.7847219587779463,-0.6434376766623964,-0.06782884667636979,0.78,High,1500.0,Consumer,Late,1,1.0,1,0
ORD10445,2026-01-06,2026-01-10,standard,0.7184664730113185,6,-1.0277417400306925,-0.3779404489474035,-0.09498160747099046,0.79,Medium,500.0,Consumer,On Time,0,4.0,0,0
ORD10446,2026-04-09,2026-04-10,standard,-1.167272301296604,2,0.3348744369583896,-0.5837522533776306,-0.08576952341676239,2.62,High,750.0,Consumer,On Time,0,1.0,0,0
ORD10447,2026-05-04,2026-05-05,second_class,-1.167272301296604,1,2.73011150902493,0.8857440302541911,-0.08035384791531715,5.14,Low,1000.0,Corporate,Late,1,1.0,1,0
ORD10448,2026-08-21,2026-08-25,second_class,-1.167272301296604,1,-1.2903736439810287,0.3279940402482758,-0.032267913510514244,0.24,Low,1500.0,Corporate,Late,1,4.0,1,0
ORD10449,2026-02-06,2026-02-10,standard,1.6613358601652797,7,0.652931905054089,-0.18241923473868765,-0.03891663504530494,3.15,High,1000.0,Home Office,Late,1,4.0,1,0
ORD10450,2026-01-24,2026-01-28,second_class,0.24703177943433785,4,-0.47007529462965386,-1.0674099937886643,-0.08701401303278389,1.13,Medium,1000.0,Consumer,Late,1,4.0,1,0
ORD10451,2026-04-03,2026-04-07,standard,-0.6958376077196234,3,-0.5903061337757494,0.30123850567234606,-0.07961573683271128,1.15,Medium,1500.0,Consumer,On Time,0,4.0,0,0
ORD10452,2026-02-15,2026-02-19,first_class,-0.22440291414264277,4,-0.14775432159969581,1.1286019594818595,-0.0969270165259206,1.56,Medium,1000.0,Home Office,On Time,0,4.0,0,0
ORD10453,2026-06-30,2026-07-01,standard,0.24703177943433785,4,-0.6798397373951822,-0.754576051054719,-0.09961911935046366,1.13,High,1500.0,Consumer,Late,1,1.0,1,0
ORD10454,2026-04-05,2026-04-07,first_class,-0.22440291414264277,4,0.8652544507801724,0.9413132174503527,-0.09392021517778593,3.54,Medium,500.0,Home Office,On Time,0,2.0,0,0
ORD10455,2026-04-09,2026-04-12,standard,-0.22440291414264277,4,-0.877666366344786,0.20450695759013937,-0.03340368909111317,0.69,High,1500.0,Home Office,On Time,0,3.0,0,0
ORD10456,2026-07-07,2026-07-10,same_day,0.7184664730113185,5,-0.1912420719291346,3.4419266412776124,-0.0499682750147096,2.91,Medium,750.0,Consumer,Late,1,3.0,1,0
ORD10457,2026-08-13,2026-08-14,standard,0.24703177943433785,5,0.14131131294304441,-0.39440539330182167,-0.06449876411763641,2.15,Low,1500.0,Corporate,On Time,0,1.0,0,0
ORD10458,2026-04-26,2026-04-27,standard,1.6613358601652797,7,-0.7250328896983245,-0.7134136901686737,-0.0958913722937372,1.3,High,750.0,Corporate,Late,1,1.0,1,0
ORD10459,2026-07-10,2026-07-12,standard,-1.167272301296604,2,0.16603964156174483,0.7087458784441959,-0.08798957845591797,2.64,Low,1000.0,Corporate,On Time,0,2.0,0,0
ORD10460,2026-08-01,2026-08-05,second_class,-1.167272301296604,1,-0.8256516061468299,-0.8122033562951827,-0.08990351765848897,0.86,High,1500.0,Corporate,Late,1,4.0,1,0
ORD10461,2026-06-09,2026-06-10,first_class,0.24703177943433785,4,-0.6457316979211125,-0.19888417909310582,-0.0786601976792603,1.42,Medium,750.0,Consumer,Late,1,1.0,1,0
ORD10462,2026-08-03,2026-08-06,second_class,1.6613358601652797,7,0.36216086853764534,0.07278740275479406,-0.07994473983464799,2.55,Medium,1500.0,Home Office,Late,1,3.0,1,0
ORD10463,2026-06-10,2026-06-14,same_day,-1.167272301296604,2,-1.0823146031892041,0.6511185732037325,-0.09159716789454579,0.61,Medium,1500.0,Home Office,On Time,0,4.0,0,0
ORD10464,2026-03-08,2026-03-09,same_day,-1.6387069948735846,1,-0.960378362069405,1.1656480842793002,-0.06556015641084095,0.65,Low,1500.0,Consumer,On Time,0,1.0,0,0
ORD10465,2026-05-08,2026-05-12,second_class,0.7184664730113185,6,0.04325069945509433,2.686597319018679,-0.06908764077073636,2.52,Low,500.0,Corporate,On Time,0,4.0,0,0
ORD10466,2026-01-18,2026-01-21,standard,-0.6958376077196234,3,0.5787469191979875,-1.232059437332846,-0.0882241719007772,2.73,High,750.0,Home Office,On Time,0,3.0,0,0
ORD10467,2026-01-25,2026-01-29,second_class,0.7184664730113185,5,-0.10341387028340533,2.5054829311200786,-0.06691622095795403,1.77,High,500.0,Consumer,Late,1,4.0,1,0
ORD10468,2026-08-22,2026-08-23,standard,0.7184664730113185,6,-0.12473139495469886,-1.1065142366304075,-0.03333788849072583,1.71,Low,500.0,Consumer,On Time,0,1.0,0,0
ORD10469,2026-08-11,2026-08-12,second_class,-1.6387069948735846,1,-0.7130950758824001,-0.9480391472191325,-0.014636213502375251,1.08,High,750.0,Corporate,On Time,0,1.0,0,0
ORD10470,2026-02-23,2026-02-26,second_class,0.7184664730113185,6,1.9908197534244705,0.4782366574823417,-0.06098558423608608,4.99,High,1500.0,Consumer,On Time,0,3.0,0,0
ORD10471,2026-02-27,2026-03-01,second_class,-0.22440291414264277,3,0.23169761754932885,-0.1083269851438058,-0.06197831503323427,2.09,Medium,500.0,Home Office,Late,1,2.0,1,0
ORD10472,2026-03-08,2026-03-10,first_class,0.7184664730113185,7,-1.0618497795047621,-0.9974339802823872,-0.08016216790549315,0.5,Low,500.0,Home Office,On Time,0,2.0,-1,0
ORD10473,2026-04-14,2026-04-18,first_class,-1.167272301296604,1,0.6623116159094581,0.37944699135583254,-0.03834445591150195,2.6,High,500.0,Consumer,Late,1,4.0,1,0
ORD10474,2026-06-23,2026-06-24,same_day,1.189901166588299,6,0.43549315340689504,-0.3985216293904261,-0.09233813987282068,2.12,Medium,1500.0,Home Office,Late,1,1.0,1,0
ORD10475,2026-01-24,2026-01-25,standard,0.7184664730113185,5,-0.5067414370642788,-1.215594492978428,-0.044011890231820526,1.19,High,500.0,Consumer,Late,1,1.0,1,0
ORD10476,2026-04-24,2026-04-27,standard,0.7184664730113185,5,-0.7642571350935046,1.2376822158298797,-0.08108337631091594,0.86,High,1000.0,Home Office,Late,1,3.0,1,0
ORD10477,2026-02-01,2026-02-04,first_class,-1.167272301296604,2,0.25727864715488113,-0.8471913630483214,-0.010201825215402114,2.7,High,750.0,Corporate,On Time,0,3.0,0,0
ORD10478,2026-06-24,2026-06-25,same_day,1.189901166588299,6,-0.9595256610825532,-0.9933177441937825,-0.057538204954923095,0.74,Medium,1000.0,Home Office,Late,1,1.0,1,0
ORD10479,2026-03-27,2026-03-30,standard,-0.22440291414264277,4,-0.43085104923447387,-0.19888417909310582,7.04580539970326,1.41,Low,1500.0,Corporate,On Time,0,3.0,0,1
ORD10480,2026-05-31,2026-06-02,standard,1.189901166588299,6,-0.7105369729218448,-0.9089349043773893,-0.08009064551376777,1.16,Low,500.0,Corporate,Late,1,2.0,1,0
ORD10481,2026-07-13,2026-07-15,standard,1.6613358601652797,7,-0.1912420719291346,0.3732726372229255,-0.0597811471594308,1.02,Low,750.0,Consumer,Late,1,2.0,1,0
ORD10482,2026-05-07,2026-05-11,standard,-1.6387069948735846,1,-0.4035646176552181,-0.41292845570054204,-0.06144618843879749,1.58,Low,500.0,Corporate,On Time,0,4.0,0,0
ORD10483,2026-06-04,2026-06-07,same_day,-1.6387069948735846,1,0.11402488136378869,0.08719422906491002,-0.08310316865324048,1.95,Medium,1500.0,Home Office,On Time,0,3.0,0,0
ORD10484,2026-08-22,2026-08-26,second_class,1.189901166588299,7,-0.016438369624527785,-0.7586922871433236,-0.07273528274873038,1.97,Medium,750.0,Home Office,On Time,0,4.0,0,0
ORD10485,2026-05-10,2026-05-13,second_class,1.189901166588299,6,0.7475817145946322,-0.1268500475425262,-0.04482152370615174,2.99,High,1000.0,Corporate,Late,1,3.0,1,0
ORD10486,2026-08-06,2026-08-09,first_class,1.189901166588299,7,0.11828838629804746,-0.8862956058900645,-0.09511893046310317,1.74,Low,750.0,Consumer,On Time,0,3.0,0,0
ORD10487,2026-01-17,2026-01-19,second_class,-0.6958376077196234,3,-1.204250844309003,-0.5158343579156557,-0.05221979990622435,0.41,Medium,500.0,Corporate,On Time,0,2.0,0,0
ORD10488,2026-04-14,2026-04-15,standard,1.189901166588299,7,-1.1539414860847503,-0.2750345467322899,-0.059932774629888594,0.49,Low,750.0,Home Office,On Time,0,1.0,0,0
ORD10489,2026-06-10,2026-06-13,standard,0.24703177943433785,5,-0.4419361620635464,-1.2485243816872642,-0.029839013087520568,1.51,Low,1500.0,Home Office,On Time,0,3.0,0,0
ORD10490,2026-05-17,2026-05-20,standard,2.1327705537422603,7,-0.9629364650299601,0.9845336963807002,-0.08804393547362926,0.6,Low,1500.0,Corporate,Late,1,3.0,2,0
ORD10491,2026-02-12,2026-02-15,standard,-1.167272301296604,1,-0.27821757258801216,-1.1517928336050576,-0.07484376285679438,1.6,Medium,750.0,Corporate,Late,1,3.0,1,0
ORD10492,2026-06-25,2026-06-26,standard,0.24703177943433785,5,-0.4948036232483544,-0.9603878554849461,-0.0697485076702788,1.26,Low,1500.0,Corporate,On Time,0,1.0,0,0
ORD10493,2026-02-08,2026-02-12,standard,-1.6387069948735846,1,0.1643342395880414,-0.8718887795799485,-0.05169053420745659,2.54,Medium,1500.0,Home Office,On Time,0,4.0,0,0
ORD10494,2026-08-09,2026-08-13,standard,-1.167272301296604,2,-0.7779003508831325,0.3135872139381598,-0.06303684643076979,0.93,Low,1500.0,Home Office,On Time,0,4.0,0,0
ORD10495,2026-06-19,2026-06-22,standard,-0.22440291414264277,4,0.7262641899233387,-0.6887162736370465,-0.09402034652620145,3.23,High,1000.0,Home Office,On Time,0,3.0,0,0
ORD10496,2026-01-26,2026-01-29,second_class,-1.167272301296604,1,0.2871231816946922,1.9559654132913724,-0.06730530276894005,2.12,High,500.0,Consumer,Late,1,3.0,1,0
ORD10497,2026-04-09,2026-04-13,standard,0.24703177943433785,5,-0.1912420719291346,2.1041499124811356,0.03498316098101964,4.86,High,1500.0,Home Office,On Time,0,4.0,0,1
ORD10498,2026-02-19,2026-02-23,same_day,-1.167272301296604,2,0.8626963478196173,0.36504016504571657,-0.05666563177587354,2.82,High,750.0,Home Office,On Time,0,4.0,0,0
ORD10499,2026-06-02,2026-06-04,standard,-1.167272301296604,1,-1.1709955058217851,-0.8430751269597168,0.001021468494143449,0.4,High,1500.0,Consumer,Late,1,2.0,1,1
ORD10500,2026-06-01,2026-06-04,second_class,-0.22440291414264277,3,-0.4615482847611365,-0.45614893463088974,-0.03765784095093837,1.35,High,1000.0,Consumer,Late,1,3.0,1,0
ORD10501,2026-01-13,2026-01-17,second_class,1.189901166588299,7,-1.2511493985858486,-0.1968260610488036,-0.01904771462399627,0.3,Medium,750.0,Consumer,On Time,0,4.0,0,0
ORD10502,2026-03-01,2026-03-03,same_day,-0.6958376077196234,4,0.3254947261030205,0.9536619257161661,-0.06674742811348215,2.47,Low,500.0,Consumer,On Time,0,2.0,-1,0
ORD10503,2026-05-15,2026-05-16,second_class,-1.6387069948735846,1,0.5958009389350223,-0.5014275316055397,-0.059912748360205485,2.57,Low,750.0,Consumer,On Time,0,1.0,0,0
ORD10504,2026-02-26,2026-03-01,standard,-0.6958376077196234,2,-0.8930149841081173,-0.8739468976242507,-0.06833522520978544,0.89,Low,750.0,Consumer,Late,1,3.0,1,0
ORD10505,2026-02-05,2026-02-09,standard,0.24703177943433785,3,-1.089136211084018,-1.0447706953013394,-0.07487523270915356,0.67,Medium,750.0,Corporate,Late,1,4.0,2,0
ORD10506,2026-06-22,2026-06-25,standard,0.7184664730113185,6,1.3061008609825224,1.0524515918426751,-0.05155035031967485,3.81,Medium,750.0,Corporate,On Time,0,3.0,0,0
ORD10507,2026-01-20,2026-01-22,standard,-1.6387069948735846,2,-0.12302599298099541,0.3670982830900188,-0.08515443084792419,1.83,High,1500.0,Corporate,On Time,0,2.0,-1,0
ORD10508,2026-03-06,2026-03-10,standard,1.6613358601652797,7,0.7382020037392631,-0.5672873090232124,0.02292448573612173,3.28,High,500.0,Corporate,Late,1,4.0,1,1
ORD10509,2026-01-08,2026-01-09,second_class,-0.6958376077196234,2,-0.7702260420014667,-0.5055437676941443,-0.09075034277651739,0.87,Medium,1500.0,Home Office,Late,1,1.0,1,0
ORD10510,2026-08-26,2026-08-27,first_class,0.24703177943433785,3,-0.8469691308181234,-0.9747946817950621,-0.0486265149459416,1.06,Medium,1000.0,Consumer,Late,1,1.0,2,0
ORD10511,2026-05-24,2026-05-26,first_class,-1.167272301296604,2,-0.7898381646990568,2.7771545129679787,-0.017974878748115677,1.06,High,1000.0,Home Office,On Time,0,2.0,0,0
ORD10512,2026-05-22,2026-05-23,same_day,-0.6958376077196234,3,-0.6534060068027783,-0.10421074905520135,-0.07888048664577445,1.0,Low,750.0,Consumer,On Time,0,1.0,0,0
ORD10513,2026-07-23,2026-07-24,second_class,-1.6387069948735846,1,-0.2065906896924659,-1.1744321320923825,-0.09278157870151797,1.74,Medium,1500.0,Consumer,On Time,0,1.0,0,0
ORD10514,2026-04-25,2026-04-26,second_class,-0.6958376077196234,3,-0.6568168107501852,-1.1209210629405233,-0.03160418571530278,1.01,Low,1500.0,Home Office,On Time,0,1.0,0,0
ORD10515,2026-08-03,2026-08-04,second_class,-0.22440291414264277,3,0.005731856033617616,-0.6022753157763511,-0.06979428200098305,1.91,Medium,500.0,Corporate,Late,1,1.0,1,0
ORD10516,2026-05-23,2026-05-24,standard,-0.22440291414264277,4,-0.5613143002227902,-0.8945280780672735,-0.04854354897154017,1.03,Low,500.0,Home Office,On Time,0,1.0,0,0
ORD10517,2026-04-02,2026-04-03,standard,-0.6958376077196234,3,-0.8921622831212658,-0.3038481993525216,-0.07745862149827404,0.77,High,500.0,Home Office,On Time,0,1.0,0,0
ORD10518,2026-04-08,2026-04-09,same_day,-0.22440291414264277,3,-0.3037986021935644,0.27448297109641673,0.008860322627244342,2.0,Medium,1500.0,Consumer,Late,1,1.0,1,1
ORD10519,2026-03-07,2026-03-11,same_day,0.7184664730113185,6,0.4551052761044851,-0.9418647930862257,-0.10000534026578066,2.73,Low,500.0,Consumer,On Time,0,4.0,0,0
ORD10520,2026-02-01,2026-02-02,second_class,-1.167272301296604,1,-0.8495272337786787,-0.5508223646687942,-0.0647247748754886,1.02,Low,500.0,Consumer,Late,1,1.0,1,0
ORD10521,2026-08-03,2026-08-07,standard,1.189901166588299,7,0.16518694057489328,-1.0612356396557574,-0.020389474692764274,1.83,Medium,500.0,Corporate,On Time,0,4.0,0,0
ORD10522,2026-07-10,2026-07-13,second_class,0.24703177943433785,4,-0.41635513245799427,2.073278141816602,-0.0723919752684486,1.72,High,750.0,Home Office,Late,1,3.0,1,0
ORD10523,2026-03-27,2026-03-29,standard,0.7184664730113185,6,-1.26649801634918,0.27448297109641673,-0.06697343887133432,0.33,Medium,1000.0,Home Office,On Time,0,2.0,0,0
ORD10524,2026-02-20,2026-02-21,standard,0.7184664730113185,5,0.8132396905822162,0.33211027633688023,-0.0837182612220787,3.44,Medium,1000.0,Corporate,Late,1,1.0,1,0
ORD10525,2026-06-02,2026-06-04,standard,-1.6387069948735846,1,-0.4231767403528082,0.17980954105851207,-0.07448615089816751,1.22,Low,1500.0,Home Office,On Time,0,2.0,0,0
ORD10526,2026-07-05,2026-07-06,standard,-1.6387069948735846,1,0.6768075326859379,-0.8986443141558782,-0.09745628222468837,3.11,Medium,1500.0,Home Office,On Time,0,1.0,0,0
ORD10527,2026-03-04,2026-03-08,standard,0.7184664730113185,5,-0.030934286401007222,-0.08568768665648094,-0.08808112711732646,1.58,Medium,750.0,Consumer,Late,1,4.0,1,0
ORD10528,2026-07-09,2026-07-10,standard,1.189901166588299,7,-1.1488252801636396,-0.12890816558682863,-0.08899947462708024,0.59,Medium,1000.0,Corporate,On Time,0,1.0,0,0
ORD10529,2026-05-05,2026-05-08,standard,-0.6958376077196234,3,-1.4430071206274906,-0.05893215208055125,-0.05447704658907712,0.1,Low,500.0,Consumer,On Time,0,3.0,0,0
ORD10530,2026-05-30,2026-06-01,standard,1.189901166588299,6,-1.09510511799198,-0.8122033562951827,-0.08594117715690329,0.61,Medium,500.0,Corporate,Late,1,2.0,1,0
ORD10531,2026-02-27,2026-03-01,second_class,-0.6958376077196234,2,-1.447270625561749,-0.7751572314977418,-0.08549201653686796,0.07,Medium,1500.0,Consumer,Late,1,2.0,1,0
ORD10532,2026-02-27,2026-03-02,second_class,-0.6958376077196234,4,0.06542092511323942,0.7869543641276824,-0.0827426957989446,1.75,High,1000.0,Home Office,On Time,0,3.0,-1,0
ORD10533,2026-03-27,2026-03-31,standard,-1.167272301296604,2,0.05604121425787032,-0.5919847255548397,-0.08849309609366461,2.51,High,1500.0,Corporate,On Time,0,4.0,0,0
ORD10534,2026-02-18,2026-02-22,standard,0.24703177943433785,5,-1.1624684959532676,0.7869543641276824,-0.0679461433987994,0.57,Medium,1500.0,Corporate,On Time,0,4.0,0,0
ORD10535,2026-06-29,2026-07-02,second_class,-1.6387069948735846,1,-0.505888736077427,-0.8080871202065781,-0.06468186144045338,1.18,Medium,500.0,Consumer,On Time,0,3.0,0,0
ORD10536,2026-06-19,2026-06-21,first_class,2.1327705537422603,7,0.7075047682126006,-0.8286683006496008,-0.04803430954245551,3.45,Low,500.0,Corporate,Late,1,2.0,2,0
ORD10537,2026-03-11,2026-03-12,standard,-1.167272301296604,1,-0.7020099630533275,-0.8554238352255303,-0.05511216542759844,1.25,High,1000.0,Home Office,Late,1,1.0,1,0
ORD10538,2026-01-15,2026-01-19,first_class,-0.22440291414264277,4,1.0008339076895991,-0.3347199700170558,-0.058819886214641785,4.15,Medium,1500.0,Home Office,On Time,0,4.0,0,0
ORD10539,2026-02-23,2026-02-24,same_day,-0.6958376077196234,1,-0.15031242456025098,0.8795696761212844,-0.08185581814154999,2.21,unknown,750.0,Home Office,Late,1,1.0,2,0
ORD10540,2026-08-23,2026-08-25,standard,-1.167272301296604,1,-0.48712931436668877,-0.7792734675863463,-0.083011619991832,1.48,Medium,1000.0,Consumer,Late,1,2.0,1,0
ORD10541,2026-07-07,2026-07-08,standard,0.24703177943433785,4,-0.12473139495469886,-0.8122033562951827,-0.09006944960729184,2.23,High,1500.0,Corporate,Late,1,1.0,1,0
ORD10542,2026-04-11,2026-04-14,standard,0.7184664730113185,6,-0.5468183834463106,-0.06304838816915588,-0.09028973857380598,1.33,Low,1000.0,Consumer,On Time,0,3.0,0,0
ORD10543,2026-08-13,2026-08-17,first_class,0.7184664730113185,6,-1.019214730162175,-1.125037299029128,-0.07004604081985635,0.55,Medium,1000.0,Home Office,On Time,0,4.0,0,0
ORD10544,2026-01-08,2026-01-12,standard,0.24703177943433785,4,-1.0473538627282826,0.9639525159376776,-0.08809543159567153,0.65,Medium,1000.0,Corporate,Late,1,4.0,1,0
ORD10545,2026-02-22,2026-02-25,standard,1.189901166588299,7,0.7151790770942662,-0.2914994910867081,-0.011821092164064571,2.63,Low,750.0,Home Office,On Time,0,3.0,0,0
ORD10546,2026-03-01,2026-03-04,standard,0.24703177943433785,5,0.521615953078921,-0.2750345467322899,-0.07585079813228765,3.22,Low,750.0,Corporate,On Time,0,3.0,0,0
ORD10547,2026-08-24,2026-08-28,same_day,-1.6387069948735846,1,0.20014768103581465,1.0997883068616277,-0.009446548758782177,2.08,High,500.0,Corporate,On Time,0,4.0,0,0
ORD10548,2026-04-18,2026-04-22,second_class,0.7184664730113185,7,-0.5527872903542728,1.634898998380218,-0.05813613214974722,1.35,High,500.0,Consumer,On Time,0,4.0,-1,0
ORD10549,2026-01-05,2026-01-09,second_class,-1.6387069948735846,1,0.382625692222087,-0.4355677541878669,-0.0888735952176436,2.22,Low,1500.0,Corporate,On Time,0,4.0,0,0
ORD10550,2026-04-13,2026-04-15,second_class,0.7184664730113185,5,-0.7608463311460976,-0.8163195923837873,-0.07640867278774556,1.16,High,1000.0,Home Office,Late,1,2.0,1,0
ORD10551,2026-07-15,2026-07-17,standard,0.7184664730113185,6,0.03301828761287335,-0.594042843599142,-0.09746772580736444,1.7,Medium,1500.0,Corporate,On Time,0,2.0,0,0
ORD10552,2026-01-06,2026-01-08,second_class,1.189901166588299,7,-0.41464973048429066,-0.8307264186939032,-0.0701490330639409,1.61,Medium,500.0,Home Office,On Time,0,2.0,0,0
ORD10553,2026-04-19,2026-04-20,first_class,-0.22440291414264277,3,0.7458763126209288,-0.9850852720165736,-0.08762624470595308,3.14,Medium,750.0,Consumer,Late,1,1.0,1,0
ORD10554,2026-08-12,2026-08-14,standard,-0.6958376077196234,3,2.25515705934851,-1.0427125772570371,-0.09278730049285601,4.08,High,500.0,Home Office,On Time,0,2.0,0,0
ORD10555,2026-04-26,2026-04-30,second_class,-0.6958376077196234,3,-0.9902228966092158,-0.5590548368460033,-0.007924552262866239,0.65,Medium,1500.0,Corporate,On Time,0,4.0,0,0
ORD10556,2026-04-04,2026-04-06,second_class,1.189901166588299,6,-0.1801569591000619,0.31770345002676426,-0.03829868158079772,1.84,Low,500.0,Home Office,Late,1,2.0,1,0
ORD10557,2026-02-16,2026-02-20,second_class,0.7184664730113185,6,3.921334787656812,-0.178302998650083,-0.03969193777160798,5.89,High,1500.0,Home Office,On Time,0,4.0,0,0
ORD10558,2026-04-09,2026-04-12,standard,0.7184664730113185,5,-0.49309822127465086,0.11806599972944398,-0.04988244814463916,1.43,Medium,1500.0,Corporate,Late,1,3.0,1,0
ORD10559,2026-02-24,2026-02-25,same_day,-1.167272301296604,1,-0.505888736077427,-0.050699679903342156,-0.09397457219549721,1.59,Low,1500.0,Home Office,Late,1,1.0,1,0
ORD10560,2026-06-17,2026-06-18,same_day,0.24703177943433785,5,-0.12046789002044009,-1.215594492978428,-0.08314036029693768,1.48,Medium,1500.0,Corporate,On Time,0,1.0,0,0
ORD10561,2026-02-21,2026-02-24,standard,-0.22440291414264277,5,0.08588574879768138,-0.6496120307953033,-0.08205035904704298,2.31,Medium,500.0,Consumer,On Time,0,3.0,-1,0
ORD10562,2026-05-24,2026-05-28,standard,1.6613358601652797,6,2.487944428759036,-0.2729764286879875,-0.09770804104356169,4.5,High,1500.0,Home Office,Late,1,4.0,2,0
ORD10563,2026-01-13,2026-01-14,standard,-0.6958376077196234,3,0.665722419856865,-0.36970797677019435,-0.08572088819038914,3.32,Medium,1500.0,Consumer,On Time,0,1.0,0,0
ORD10564,2026-04-24,2026-04-26,same_day,-0.6958376077196234,2,-0.406975421602625,-0.7360529886559987,-0.08554923445024824,1.3,Low,1000.0,Home Office,Late,1,2.0,1,0
ORD10565,2026-05-04,2026-05-08,first_class,-1.167272301296604,1,1.4621451415763915,-0.1515474640741535,-0.07186270956968084,3.83,Medium,1500.0,Home Office,Late,1,4.0,1,0
ORD10566,2026-04-16,2026-04-17,standard,0.7184664730113185,6,-0.3592241663389276,1.0936139527287205,0.10371904032477229,1.23,Medium,500.0,Consumer,On Time,0,1.0,0,1
ORD10567,2026-06-07,2026-06-10,standard,-0.6958376077196234,3,-0.4888347163403922,0.21273942976734847,-0.07546743811263965,1.3,Low,1500.0,Home Office,On Time,0,3.0,0,0
ORD10568,2026-05-27,2026-05-31,standard,1.189901166588299,7,1.067344584664035,0.7807800099947754,-0.07184840509133576,4.25,Medium,750.0,Home Office,On Time,0,4.0,0,0
ORD10569,2026-05-25,2026-05-26,second_class,-1.167272301296604,2,0.027902081691762712,1.293251403026041,-0.08035956970665517,1.91,High,750.0,Consumer,On Time,0,1.0,0,0
ORD10570,2026-04-30,2026-05-03,standard,-0.6958376077196234,2,1.0195933294003376,0.6675835175581506,-0.05173630853816082,3.91,Low,1500.0,Home Office,Late,1,3.0,1,0
ORD10571,2026-03-04,2026-03-08,same_day,1.189901166588299,6,3.095067531397475,1.1265438414375568,-0.09237819241218688,5.29,Medium,750.0,Corporate,Late,1,4.0,1,0
ORD10572,2026-01-19,2026-01-21,second_class,0.24703177943433785,4,-1.1334766624003083,-1.2876286245290074,0.02396299086397415,0.42,Low,750.0,Home Office,Late,1,2.0,1,1
ORD10573,2026-04-02,2026-04-06,second_class,-1.6387069948735846,1,-0.47007529462965386,-0.11038510318810803,-0.07777618091753469,1.36,Low,500.0,Home Office,On Time,0,4.0,0,0
ORD10574,2026-02-27,2026-03-01,standard,-0.6958376077196234,2,-0.3012404992330091,-0.9171673765545986,-0.08304595073986018,1.39,Medium,1000.0,Home Office,Late,1,2.0,1,0
ORD10575,2026-07-02,2026-07-06,standard,1.189901166588299,6,-1.085725407136611,0.3547495748242051,9.048432368013708,0.65,Low,750.0,Consumer,Late,1,4.0,1,1
ORD10576,2026-03-31,2026-04-03,standard,1.189901166588299,6,-0.1912420719291346,0.544096434900014,-0.09030976484348908,1.72,High,750.0,Corporate,Late,1,3.0,1,0
ORD10577,2026-08-17,2026-08-19,standard,-0.6958376077196234,3,-0.008764060742862127,-0.9048186682887849,-0.05248872409911175,2.05,Low,1000.0,Corporate,On Time,0,2.0,0,0
ORD10578,2026-08-06,2026-08-08,standard,1.6613358601652797,7,-1.3620005268765751,0.6284792747164072,-0.016198262537657396,0.18,Medium,1000.0,Home Office,Late,1,2.0,1,0
ORD10579,2026-04-27,2026-05-01,same_day,0.24703177943433785,4,1.361526425127886,-0.31208067152973074,-0.08018791596651427,4.69,Low,750.0,Consumer,Late,1,4.0,1,0
ORD10580,2026-03-03,2026-03-04,standard,-1.6387069948735846,1,-0.6431735949605574,-0.28120890086519656,0.040235765429331036,1.01,High,1500.0,Consumer,On Time,0,1.0,0,1
ORD10581,2026-01-23,2026-01-25,standard,1.189901166588299,5,-0.12984760087580918,0.632595510805012,-0.055435446638197126,2.21,Medium,750.0,Corporate,Late,1,2.0,2,0
ORD10582,2026-05-07,2026-05-11,standard,0.7184664730113185,7,1.239590184008087,-0.8471913630483214,-0.05496053795714065,3.35,Medium,1500.0,Consumer,On Time,0,4.0,-1,0
ORD10583,2026-05-17,2026-05-20,standard,1.189901166588299,7,-0.9220068176610767,0.6223049205835005,-0.018818842970475074,0.97,Low,1500.0,Home Office,On Time,0,3.0,0,0
ORD10584,2026-05-20,2026-05-24,same_day,-0.22440291414264277,3,-0.09573956140173967,-0.845133245004019,0.0004349848819953858,1.6,Medium,1500.0,Home Office,Late,1,4.0,1,1
ORD10585,2026-05-09,2026-05-13,standard,-1.167272301296604,2,-1.0149512252279165,-0.3203131437069398,-0.06815498878263748,0.75,Low,1000.0,Consumer,On Time,0,4.0,0,0
ORD10586,2026-02-27,2026-03-01,standard,-0.6958376077196234,2,-0.1392273117311783,-0.8492494810926237,-0.04925305109745587,1.77,High,750.0,Home Office,Late,1,2.0,1,0
ORD10587,2026-05-02,2026-05-03,second_class,-0.22440291414264277,3,-0.36604577423374157,-0.04040908968183084,-0.01679332883681251,1.66,Medium,750.0,Corporate,Late,1,1.0,1,0
ORD10588,2026-01-01,2026-01-04,standard,0.24703177943433785,6,0.5838631251190981,-0.0733389783906672,-0.09327365275658855,2.48,Medium,500.0,Home Office,On Time,0,3.0,-1,0
ORD10589,2026-08-27,2026-08-29,standard,-1.167272301296604,2,-0.2705432637063465,-0.20094229713740805,-0.09783678134866736,1.75,Medium,1000.0,Consumer,On Time,0,2.0,0,0
ORD10590,2026-02-03,2026-02-05,standard,0.24703177943433785,4,-1.045648460754579,-0.6434376766623964,-0.07630854143933002,0.55,Medium,500.0,Corporate,Late,1,2.0,1,0
ORD10591,2026-04-06,2026-04-08,standard,-1.167272301296604,1,-1.1437090742425293,-0.21123288735891937,-0.09799126971479416,0.52,Medium,500.0,Home Office,Late,1,2.0,1,0
ORD10592,2026-05-06,2026-05-09,standard,1.6613358601652797,7,-1.1633211969401194,-1.2670474440859847,-0.08157831126165553,0.4,Medium,1500.0,Corporate,Late,1,3.0,1,0
ORD10593,2026-04-28,2026-04-29,standard,1.6613358601652797,7,-0.21938120449524207,-0.44585834440937844,-0.06661582691270745,2.12,Medium,1000.0,Consumer,Late,1,1.0,1,0
ORD10594,2026-02-17,2026-02-20,second_class,-0.22440291414264277,4,-0.08124364462525993,0.8342910791466344,-0.08085450465739476,2.05,Medium,500.0,Home Office,On Time,0,3.0,0,0
ORD10595,2026-03-30,2026-04-02,standard,-1.167272301296604,2,-0.2500784400219047,1.1656480842793002,-0.07814809735450663,1.64,Medium,750.0,Home Office,On Time,0,3.0,0,0
ORD10596,2026-08-20,2026-08-21,second_class,1.6613358601652797,7,0.17456665143026237,-0.13096628363113086,-0.09159430699887679,2.75,Low,500.0,Corporate,Late,1,1.0,1,0
ORD10597,2026-08-25,2026-08-28,second_class,0.24703177943433785,5,0.48239170768374084,-0.12479192949822399,-0.049627828430096825,3.01,High,1000.0,Home Office,On Time,0,3.0,0,0
ORD10598,2026-04-27,2026-05-01,first_class,-1.6387069948735846,1,-0.6372046880525952,-1.003608334415294,-0.0922666174810953,0.95,Medium,750.0,Home Office,On Time,0,4.0,0,0
ORD10599,2026-05-09,2026-05-12,standard,-1.167272301296604,1,-0.877666366344786,-0.8924699600229712,-0.09993667876972431,1.72,Medium,750.0,Home Office,Late,1,3.0,1,0
ORD10600,2026-01-16,2026-01-18,standard,1.6613358601652797,7,0.35960276557709003,-1.299977332794821,-0.07950988369295774,2.2,High,750.0,Home Office,Late,1,2.0,1,0
ORD10601,2026-07-08,2026-07-11,second_class,-0.22440291414264277,3,0.4551052761044851,0.027508805780144138,-0.043954672318440226,2.87,Low,1500.0,Consumer,Late,1,3.0,1,0
ORD10602,2026-08-19,2026-08-21,first_class,1.189901166588299,7,-0.650847903842223,2.1247310929241587,-0.07303853768964597,1.25,High,750.0,Home Office,On Time,0,2.0,0,0
ORD10603,2026-07-11,2026-07-14,second_class,-0.22440291414264277,3,0.09441275866619861,1.1450669038362773,-0.09330226171327871,1.96,High,1500.0,Corporate,Late,1,3.0,1,0
ORD10604,2026-07-10,2026-07-12,standard,1.6613358601652797,7,-0.5382913735777932,-1.040654459212735,-0.07248066303418806,1.52,High,1500.0,Consumer,Late,1,2.0,1,0
ORD10605,2026-03-10,2026-03-12,same_day,0.7184664730113185,5,-0.9023946949634866,-0.9377485569976213,-0.06273645238552322,0.66,High,500.0,Corporate,Late,1,2.0,1,0
ORD10606,2026-01-22,2026-01-24,standard,1.6613358601652797,6,1.0332365451899657,0.9413132174503527,-0.0727753352880966,3.77,Medium,500.0,Corporate,Late,1,2.0,2,0
ORD10607,2026-04-03,2026-04-04,standard,-1.6387069948735846,1,2.134926220202415,-0.3182550256626376,-0.08063993748221863,3.88,Low,750.0,Corporate,On Time,0,1.0,0,0
ORD10608,2026-07-14,2026-07-17,standard,1.6613358601652797,7,-0.4820131084455783,-1.0797587020544779,-0.061142933497881906,1.34,Medium,1000.0,Consumer,Late,1,3.0,1,0
ORD10609,2026-03-17,2026-03-20,standard,1.189901166588299,5,0.32037852018191015,-0.8327845367382054,-0.09789399926204764,2.12,Low,750.0,Consumer,Late,1,3.0,2,0
ORD10610,2026-06-03,2026-06-07,standard,-0.6958376077196234,3,0.03728179254713212,-1.4090575891428414,-0.09034695648718627,2.58,Low,500.0,Consumer,On Time,0,4.0,0,0
ORD10611,2026-05-24,2026-05-28,second_class,-1.167272301296604,3,-1.24688589365159,-0.22563971366903535,-0.09461541282535654,0.29,Medium,750.0,Home Office,On Time,0,4.0,-1,0
ORD10612,2026-06-28,2026-07-02,second_class,-1.167272301296604,1,1.156025487296616,1.3570530623994115,-0.019960340342412033,3.86,Low,500.0,Corporate,Late,1,4.0,1,0
ORD10613,2026-08-17,2026-08-20,second_class,-0.22440291414264277,4,0.09697086162675393,-0.18447735278298988,-0.05277767456168225,1.94,High,750.0,Consumer,On Time,0,3.0,0,0
ORD10614,2026-03-27,2026-03-28,standard,0.7184664730113185,7,1.9686495277663254,0.004869507292819086,-0.07029493874306066,3.99,High,1000.0,Corporate,On Time,0,1.0,-1,0
ORD10615,2026-07-04,2026-07-06,first_class,-1.167272301296604,2,-0.6610803156844439,3.0488260948158783,-0.09583701527602592,1.29,High,750.0,Consumer,On Time,0,2.0,0,0
ORD10616,2026-01-29,2026-02-01,standard,-0.6958376077196234,3,-0.2671324597589396,-1.0694681118329665,-0.05147024524094244,1.66,Medium,1000.0,Consumer,On Time,0,3.0,0,0
ORD10617,2026-07-25,2026-07-26,standard,0.7184664730113185,6,-0.9058054989108937,1.3488205902222021,-0.017451334840685947,0.78,High,1000.0,Consumer,On Time,0,1.0,0,0
ORD10618,2026-08-08,2026-08-09,standard,0.7184664730113185,6,-0.2057379887056142,-0.41292845570054204,-0.058147575732423275,1.85,High,750.0,Corporate,On Time,0,1.0,0,0
ORD10619,2026-03-10,2026-03-13,standard,0.24703177943433785,3,-0.3089148081146749,-0.8307264186939032,-0.07579930201024537,1.57,Medium,1000.0,Home Office,Late,1,3.0,2,0
ORD10620,2026-02-16,2026-02-18,standard,0.24703177943433785,4,-1.315954673586581,0.10777540950793266,-0.05591607711059163,0.27,Low,1000.0,Consumer,Late,1,2.0,1,0
ORD10621,2026-04-04,2026-04-05,standard,0.24703177943433785,4,2.8605747600132467,-0.7257623984344872,-0.06783456846770783,6.07,High,500.0,Consumer,Late,1,1.0,1,0
ORD10622,2026-08-26,2026-08-29,first_class,0.24703177943433785,5,-1.0354160489123583,-0.6804838014598373,-0.043436850202348526,0.57,High,500.0,Consumer,On Time,0,3.0,0,0
ORD10623,2026-07-09,2026-07-11,same_day,1.189901166588299,6,0.33572713794524145,0.8137098987036117,-0.044483938017207986,2.27,Medium,1000.0,Home Office,Late,1,2.0,1,0
ORD10624,2026-07-16,2026-07-20,standard,0.7184664730113185,5,0.0756533369554604,1.0442191196654662,-0.07978452967718318,2.34,Low,1500.0,Corporate,Late,1,4.0,1,0
ORD10625,2026-07-23,2026-07-24,same_day,1.189901166588299,6,1.7699701978298699,-0.20300041518171028,-0.08726863274732621,3.63,Medium,750.0,Corporate,Late,1,1.0,1,0
ORD10626,2026-05-24,2026-05-25,second_class,1.189901166588299,7,2.0905857688861245,2.5054829311200786,-0.08312891671426162,4.04,Low,1000.0,Corporate,On Time,0,1.0,0,0
ORD10627,2026-08-06,2026-08-09,first_class,1.189901166588299,7,-0.9680526709510707,-0.21123288735891937,-0.05942067430513492,0.7,High,750.0,Corporate,On Time,0,3.0,0,0
ORD10628,2026-08-06,2026-08-09,first_class,-0.6958376077196234,2,-0.8392948219364578,3.505728300650983,-0.08204749815137398,0.9,High,500.0,Consumer,Late,1,3.0,1,0
ORD10629,2026-06-25,2026-06-27,standard,1.6613358601652797,7,0.5668091053820631,1.6534220607789385,-0.08851884415468574,2.86,Low,750.0,Home Office,Late,1,2.0,1,0
ORD10630,2026-03-26,2026-03-30,second_class,-0.6958376077196234,2,-0.8793717683184896,1.566981102918243,-0.07500111211859022,0.75,Medium,1000.0,Consumer,Late,1,4.0,1,0
ORD10631,2026-02-08,2026-02-12,first_class,1.6613358601652797,7,3.203360556727646,0.5646776153430371,-0.034256236000479626,5.7,Low,1000.0,Home Office,Late,1,4.0,1,0
ORD10632,2026-04-10,2026-04-13,same_day,-1.6387069948735846,1,0.2461935343258086,0.3424008665583917,-0.0716252552291526,2.64,Medium,1000.0,Corporate,On Time,0,3.0,0,0
ORD10633,2026-02-02,2026-02-05,first_class,1.6613358601652797,7,1.2677293165741943,0.011043861425725951,-0.0808659482400708,3.36,Low,1000.0,Home Office,Late,1,3.0,1,0
ORD10634,2026-08-10,2026-08-12,second_class,0.24703177943433785,5,-0.8827825722658966,1.3961573052411544,-0.06643272958989051,0.91,Medium,1500.0,Consumer,On Time,0,2.0,0,0
ORD10635,2026-04-11,2026-04-14,second_class,-0.22440291414264277,3,-0.1912420719291346,1.1656480842793002,-0.07293268454989242,4.58,Medium,1500.0,Consumer,Late,1,3.0,1,0
ORD10636,2026-01-23,2026-01-25,standard,1.189901166588299,5,-1.1582049910190089,0.19627448541293027,-0.09905838379933674,0.42,Low,1500.0,Corporate,Late,1,2.0,2,0
ORD10637,2026-01-10,2026-01-12,standard,-0.22440291414264277,3,-0.05651531600655951,-0.5961009616434442,-0.05338990623485145,1.77,Medium,1000.0,Consumer,Late,1,2.0,1,0
ORD10638,2026-03-10,2026-03-14,standard,-0.22440291414264277,4,-0.09232875745433278,-1.164141541870871,-0.06373490497400942,1.92,Low,1500.0,Consumer,On Time,0,4.0,0,0
ORD10639,2026-04-10,2026-04-12,standard,0.24703177943433785,5,1.8083417422381978,0.5687938514316415,-0.07459486493359009,4.27,Medium,750.0,Home Office,On Time,0,2.0,0,0
ORD10640,2026-02-03,2026-02-07,standard,0.24703177943433785,4,-0.7779003508831325,-0.13302440167543308,-0.03665652746678314,0.79,Low,1000.0,Consumer,Late,1,4.0,1,0
ORD10641,2026-06-29,2026-07-03,second_class,-0.6958376077196234,2,2.918558427119165,0.6758159897353595,-0.028308433904597592,5.53,Medium,500.0,Corporate,Late,1,4.0,1,0
ORD10642,2026-08-11,2026-08-15,first_class,-0.6958376077196234,2,0.6478156991329787,0.9227901550516323,-0.04917294601872345,2.62,High,1000.0,Corporate,Late,1,4.0,1,0
ORD10643,2026-05-18,2026-05-21,same_day,-1.6387069948735846,1,0.16689234254859672,-1.3555465199909824,-0.08980910810141148,2.7,High,750.0,Consumer,On Time,0,3.0,0,0
ORD10644,2026-05-27,2026-05-31,second_class,1.189901166588299,7,0.6580481109751993,-0.6557863849282101,-0.08937425195972121,3.31,High,1500.0,Corporate,On Time,0,4.0,0,0
ORD10645,2026-07-05,2026-07-07,first_class,0.7184664730113185,5,-0.3558133623915206,-0.5569967188017011,-0.03371838761470482,1.64,unknown,1000.0,Home Office,Late,1,2.0,1,0
ORD10646,2026-04-06,2026-04-09,same_day,0.24703177943433785,4,-1.223862967006593,-1.0900492922759895,-0.09873796348440707,0.36,Low,1500.0,Home Office,Late,1,3.0,1,0
ORD10647,2026-01-01,2026-01-03,first_class,0.24703177943433785,3,-1.0081296173331025,0.23537872825467332,-0.07830258572063344,0.58,Low,1000.0,Consumer,Late,1,2.0,2,0
ORD10648,2026-03-10,2026-03-13,second_class,-1.167272301296604,2,0.45681067807818854,0.550270789032921,-0.06268781715914996,2.78,Medium,750.0,Consumer,On Time,0,3.0,0,0
ORD10649,2026-08-25,2026-08-27,standard,1.6613358601652797,7,-0.8358840179890509,-0.02394414532741265,-0.09797124344511106,0.93,High,1000.0,Home Office,Late,1,2.0,1,0
ORD10650,2026-01-04,2026-01-05,standard,-1.167272301296604,2,-0.6227087712761156,-1.125037299029128,-0.06893601330027857,1.29,High,1500.0,Corporate,On Time,0,1.0,0,0
ORD10651,2026-01-16,2026-01-17,standard,-0.22440291414264277,3,1.1679633011125405,0.37121451917862325,-0.042080785655235445,3.91,Low,1500.0,Consumer,Late,1,1.0,1,0
ORD10652,2026-01-24,2026-01-25,first_class,1.6613358601652797,7,0.04666150340250122,-0.5961009616434442,-0.09611166126025136,1.69,Medium,750.0,Consumer,Late,1,1.0,1,0
ORD10653,2026-03-21,2026-03-23,first_class,1.189901166588299,7,1.706870324802841,-0.6681350931940236,0.0026579008168199788,3.95,Low,1000.0,Corporate,On Time,0,2.0,0,1
ORD10654,2026-01-02,2026-01-05,standard,-0.22440291414264277,4,-0.6286776781840778,1.0586259459755818,-0.09168585566028527,1.35,Medium,500.0,Consumer,On Time,0,3.0,0,0
ORD10655,2026-08-08,2026-08-12,standard,0.24703177943433785,4,-0.3558133623915206,2.04446448919637,-0.05802741811432465,1.36,Medium,1000.0,Corporate,Late,1,4.0,1,0
ORD10656,2026-05-08,2026-05-12,same_day,0.7184664730113185,5,1.0767242955194043,0.4473648868178075,-0.07688930326014007,3.06,Low,750.0,Corporate,Late,1,4.0,1,0
ORD10657,2026-06-09,2026-06-11,first_class,0.24703177943433785,5,0.20611658794377657,-0.587868489466235,-0.07329601829985732,2.08,Medium,500.0,Corporate,On Time,0,2.0,0,0
ORD10658,2026-08-07,2026-08-09,standard,0.7184664730113185,6,3.1564620024508008,-0.42939340005496024,-0.09442087191986354,7.25,Medium,750.0,Corporate,On Time,0,2.0,0,0
ORD10659,2026-03-25,2026-03-27,second_class,1.189901166588299,6,-0.999602607464585,0.6819903438682662,-0.025479008087941818,0.69,Medium,1000.0,Corporate,Late,1,2.0,1,0
ORD10660,2026-06-01,2026-06-03,second_class,-1.167272301296604,1,-0.9646418670036637,-1.1970714305797074,-0.06626965853675666,0.85,Low,500.0,Home Office,Late,1,2.0,1,0
ORD10661,2026-05-20,2026-05-24,same_day,-1.167272301296604,2,-0.009616761729713697,4.374254115346542,-0.0003546223226527314,1.71,High,750.0,Corporate,On Time,0,4.0,0,1
ORD10662,2026-06-27,2026-06-30,standard,0.7184664730113185,5,0.20867469090433188,-0.17418676256147855,-0.0941834175793353,2.09,Medium,1500.0,Home Office,Late,1,3.0,1,0
ORD10663,2026-06-12,2026-06-16,standard,-0.22440291414264277,4,-0.9365027344375563,-0.24416277606775574,-0.07897775709852095,0.74,High,500.0,Corporate,On Time,0,4.0,0,0
ORD10664,2026-05-04,2026-05-06,standard,-0.6958376077196234,3,0.8541693379510998,-0.2606277204221739,-0.06962548915651116,3.31,High,500.0,Consumer,On Time,0,2.0,0,0
ORD10665,2026-02-02,2026-02-03,standard,-0.22440291414264277,4,0.3638662705113488,-0.8780631337128554,-0.07352202905770949,2.83,Low,750.0,Home Office,On Time,0,1.0,0,0
ORD10666,2026-06-10,2026-06-14,second_class,-0.6958376077196234,2,-0.7250328896983245,1.118311369260348,-0.0545685952504856,1.23,Low,1500.0,Consumer,Late,1,4.0,1,0
ORD10667,2026-07-08,2026-07-09,standard,0.7184664730113185,6,-0.04798830613804198,-0.21123288735891937,-0.07923523770873231,1.57,Medium,500.0,Corporate,On Time,0,1.0,0,0
ORD10668,2026-06-28,2026-06-29,same_day,0.24703177943433785,4,0.8055653817005506,-1.254698735820171,0.048046010605741804,3.48,Low,750.0,Corporate,Late,1,1.0,1,1
ORD10669,2026-06-20,2026-06-22,standard,-1.6387069948735846,1,-0.05225181107230075,0.2724248530521145,-0.07402554669545613,2.36,High,500.0,Consumer,On Time,0,2.0,0,0
ORD10670,2026-04-11,2026-04-15,same_day,-0.22440291414264277,2,-0.9834012887144021,0.7622569475960549,-0.10281760070842234,0.57,Medium,500.0,Corporate,Late,1,4.0,2,0
ORD10671,2026-01-12,2026-01-15,standard,1.189901166588299,6,-1.0507646666756896,0.4864691296595506,-0.0729298236542234,0.58,High,500.0,Consumer,Late,1,3.0,1,0
ORD10672,2026-03-08,2026-03-12,second_class,-0.22440291414264277,3,0.5864212280796531,0.2415530823875804,-0.02541892927889251,2.41,Low,1500.0,Corporate,Late,1,4.0,1,0
ORD10673,2026-03-06,2026-03-09,same_day,1.189901166588299,6,-0.1264367969284023,1.445552138304409,-0.09069598575880611,2.26,Low,1000.0,Corporate,Late,1,3.0,1,0
ORD10674,2026-06-10,2026-06-13,same_day,1.6613358601652797,7,-0.5809264229203802,-0.5467061285801896,-0.09142837505007392,1.17,Medium,1000.0,Home Office,Late,1,3.0,1,0
ORD10675,2026-06-17,2026-06-19,standard,-1.167272301296604,1,-0.719916683777214,-0.2729764286879875,-0.08968608958764382,1.07,Low,1500.0,Consumer,Late,1,2.0,1,0
ORD10676,2026-03-15,2026-03-18,standard,-1.167272301296604,2,-0.7531720222644319,-0.9603878554849461,-0.092403940473208,0.88,Medium,1500.0,Corporate,On Time,0,3.0,0,0
ORD10677,2026-02-12,2026-02-16,second_class,-0.6958376077196234,3,-0.5655778051570489,3.66626150810656,-0.08447925947003666,1.54,High,750.0,Consumer,On Time,0,4.0,0,0
ORD10678,2026-02-13,2026-02-17,standard,-1.167272301296604,1,-0.3975957107472559,-0.21123288735891937,-0.04422359651132763,1.51,Medium,500.0,Home Office,Late,1,4.0,1,0
ORD10679,2026-01-29,2026-01-30,standard,0.7184664730113185,6,-0.23558252324542509,0.48441101161524835,-0.0076127146349436025,1.46,Medium,1500.0,Consumer,On Time,0,1.0,0,0
ORD10680,2026-05-21,2026-05-24,standard,-1.6387069948735846,1,-0.9399135383849632,-0.6187402601307691,-0.10132707406486556,0.73,Low,750.0,Home Office,On Time,0,3.0,0,0
ORD10681,2026-01-12,2026-01-14,first_class,-1.167272301296604,2,-0.9535567541745911,-0.2482790121563604,-0.08275127848595165,0.7,Low,1000.0,Consumer,On Time,0,2.0,0,0
ORD10682,2026-04-05,2026-04-07,first_class,0.24703177943433785,5,-0.28930268541708487,-1.3658371102124938,-0.06696199528865826,1.93,High,1000.0,Consumer,On Time,0,2.0,0,0
ORD10683,2026-02-15,2026-02-19,standard,-1.167272301296604,1,-0.016438369624527785,0.5564451431658278,-0.06981430827066615,2.32,High,1000.0,Home Office,Late,1,4.0,1,0
ORD10684,2026-05-10,2026-05-13,standard,0.7184664730113185,7,-1.1121591377290148,3.341078857106801,0.02434348998795313,0.48,Medium,1000.0,Corporate,On Time,0,3.0,-1,1
ORD10685,2026-02-04,2026-02-06,standard,-0.6958376077196234,1,0.850758534003693,0.5173409003240848,-0.09947035277567488,2.85,High,750.0,Corporate,Late,1,2.0,2,0
ORD10686,2026-08-03,2026-08-06,first_class,1.189901166588299,6,-0.5127103439722409,-1.4069994710985392,-0.10192214036402068,1.07,Medium,500.0,Corporate,Late,1,3.0,1,0
ORD10687,2026-03-22,2026-03-25,standard,1.189901166588299,6,0.47215929584151983,0.20244883954583714,0.04127140966151444,2.36,Low,750.0,Consumer,Late,1,3.0,1,1
ORD10688,2026-03-31,2026-04-01,standard,-0.6958376077196234,3,0.6094441547246501,-1.1168048268519188,-0.05108688522129443,2.76,Low,500.0,Consumer,On Time,0,1.0,0,0
ORD10689,2026-01-08,2026-01-10,same_day,0.7184664730113185,6,-0.1912420719291346,-1.0324219870355258,-0.08594117715690329,1.58,High,1000.0,Corporate,On Time,0,2.0,0,0
ORD10690,2026-04-03,2026-04-04,same_day,0.7184664730113185,4,-0.5237954568013137,0.47617853943803906,-0.07065827249302555,1.55,Low,1500.0,Consumer,Late,1,1.0,2,0
ORD10691,2026-06-03,2026-06-05,same_day,-0.6958376077196234,2,0.9479664465047914,0.2147975478116507,-0.06868425448140525,3.27,Medium,1500.0,Consumer,Late,1,2.0,1,0
ORD10692,2026-07-21,2026-07-24,second_class,-0.6958376077196234,2,0.3127042113002442,0.6511185732037325,-0.0863102326982062,2.62,Medium,1500.0,Corporate,Late,1,3.0,1,0
ORD10693,2026-03-31,2026-04-02,standard,0.24703177943433785,5,0.0662736261000913,0.2250881380331622,-0.07145074059334268,2.49,Medium,500.0,Home Office,On Time,0,2.0,0,0
ORD10694,2026-06-11,2026-06-15,second_class,0.7184664730113185,5,-0.7378234045011006,-0.21123288735891937,-0.06538850267070005,0.9,Medium,1000.0,Consumer,Late,1,4.0,1,0
ORD10695,2026-04-25,2026-04-28,standard,-0.6958376077196234,2,0.2965028925500613,0.5832006777417574,0.03618759805767492,2.34,Low,750.0,Consumer,Late,1,3.0,1,1
ORD10696,2026-04-15,2026-04-17,first_class,1.189901166588299,7,0.6853345425544551,-1.1826646042695914,-0.04164592951354518,2.79,Low,1500.0,Consumer,On Time,0,2.0,0,0
ORD10697,2026-05-15,2026-05-16,standard,0.7184664730113185,5,-0.877666366344786,0.9948242866022118,0.0095040241527727,0.85,Medium,500.0,Consumer,Late,1,1.0,1,1
ORD10698,2026-07-15,2026-07-16,first_class,-0.22440291414264277,3,1.2378847820343832,-1.1044561185861053,-0.0949501376186313,3.64,Medium,1500.0,Home Office,Late,1,1.0,1,0
ORD10699,2026-02-27,2026-03-02,first_class,1.189901166588299,6,0.4329350504463397,0.16128647865979168,-0.08219054293482472,3.05,Medium,750.0,Corporate,Late,1,3.0,1,0
ORD10700,2026-04-24,2026-04-25,standard,-1.167272301296604,2,0.14131131294304441,1.550516158563825,-0.0687128634380954,1.99,Medium,1000.0,Consumer,On Time,0,1.0,0,0
ORD10701,2026-08-25,2026-08-28,second_class,0.7184664730113185,5,-0.4675171916690987,-0.9933177441937825,-0.09898686140761137,1.4,Low,750.0,Corporate,Late,1,3.0,1,0
ORD10702,2026-03-16,2026-03-19,standard,-0.22440291414264277,2,1.8543875955281919,0.7046296423555914,-0.030113659071746013,3.84,High,1000.0,Consumer,Late,1,3.0,2,0
ORD10703,2026-06-06,2026-06-09,standard,0.24703177943433785,4,-0.8196826992388676,0.519399018368387,-0.05551555171692955,1.03,Medium,1000.0,Home Office,Late,1,3.0,1,0
ORD10704,2026-04-30,2026-05-02,standard,-1.167272301296604,1,-0.10170846830970189,-0.08568768665648094,-0.0825510157891206,2.11,Low,1000.0,Corporate,Late,1,2.0,1,0
ORD10705,2026-06-13,2026-06-16,standard,1.189901166588299,6,-0.46069558377428477,-1.260873089953078,-0.07902067053355619,1.28,Medium,1500.0,Home Office,Late,1,3.0,1,0
ORD10706,2026-08-05,2026-08-06,standard,-0.6958376077196234,2,-1.09510511799198,0.18804201323572117,-0.025876672585934905,0.46,High,750.0,Consumer,Late,1,1.0,1,0
ORD10707,2026-01-21,2026-01-25,same_day,-1.167272301296604,1,-0.8699920574631204,-0.04452532577043547,-0.08911104955817183,0.84,High,1500.0,Home Office,Late,1,4.0,1,0
ORD10708,2026-06-13,2026-06-15,standard,0.24703177943433785,5,0.577894218211136,0.8095936626150072,-0.023404858727905997,2.47,Low,750.0,Home Office,On Time,0,2.0,0,0
ORD10709,2026-05-18,2026-05-19,standard,-1.6387069948735846,1,2.450425585337559,-0.9830271539722711,-0.08039676135035237,4.22,Medium,500.0,Consumer,On Time,0,1.0,0,0
ORD10710,2026-04-11,2026-04-14,standard,0.7184664730113185,6,0.6495211011066822,1.4496683743930134,-0.05098103208154088,2.31,Low,500.0,Consumer,On Time,0,3.0,0,0
ORD10711,2026-07-20,2026-07-23,first_class,-1.6387069948735846,2,0.3161150152476514,-0.1083269851438058,-0.07286402305383606,2.14,Low,750.0,Corporate,On Time,0,3.0,-1,0
ORD10712,2026-06-01,2026-06-05,second_class,-0.22440291414264277,4,2.57321452744421,-0.30590631739682383,0.06147791577176687,4.8,Medium,750.0,Consumer,On Time,0,4.0,0,1
ORD10713,2026-07-11,2026-07-12,first_class,1.189901166588299,7,-0.9203014156873731,1.5443418044309183,-0.09026685140845386,0.86,Medium,750.0,Corporate,On Time,0,1.0,0,0
ORD10714,2026-08-15,2026-08-17,second_class,0.7184664730113185,5,-0.7582882281855424,1.0051148768237228,-0.08597264700926247,0.85,Medium,750.0,Home Office,Late,1,2.0,1,0
ORD10715,2026-06-26,2026-06-27,same_day,-1.167272301296604,2,0.08076954287657075,0.9721849881148865,-0.09626901052204719,2.16,Low,1000.0,Home Office,On Time,0,1.0,0,0
ORD10716,2026-04-09,2026-04-12,second_class,0.7184664730113185,6,-0.08806525252007402,-0.8554238352255303,-0.09261564675271511,1.53,Low,1500.0,Corporate,On Time,0,3.0,0,0
ORD10717,2026-08-28,2026-08-30,second_class,0.24703177943433785,5,-0.06504232587507705,0.3938538176659485,-0.05273476112664704,2.31,Medium,1000.0,Consumer,On Time,0,2.0,0,0
ORD10718,2026-02-05,2026-02-08,standard,-0.22440291414264277,3,-0.6022439475916738,-1.1888389584024983,-0.001988193749660265,1.21,Low,1500.0,Consumer,Late,1,3.0,1,1
ORD10719,2026-07-29,2026-08-01,first_class,-1.6387069948735846,1,-0.049693708111745734,-0.7525179330104168,-0.04796850894206816,1.85,Low,1500.0,Home Office,On Time,0,3.0,0,0
ORD10720,2026-08-19,2026-08-20,first_class,1.189901166588299,7,-1.2153359571380755,-0.7051812179914646,-0.07510696525834376,0.4,Low,1500.0,Corporate,On Time,0,1.0,0,0
ORD10721,2026-04-06,2026-04-10,second_class,0.7184664730113185,6,1.6881109030921027,0.6243630386278027,-0.09034123469584825,4.78,Medium,1000.0,Home Office,On Time,0,4.0,0,0
ORD10722,2026-06-01,2026-06-04,second_class,-0.22440291414264277,3,0.09526545965305049,1.2068104451653456,-0.04472997504474327,2.0,Low,750.0,Home Office,Late,1,3.0,1,0
ORD10723,2026-05-31,2026-06-01,second_class,-0.22440291414264277,2,0.7117682731468593,-0.21534912344752402,-0.09099065801271464,2.59,Medium,1000.0,Consumer,Late,1,1.0,2,0
ORD10724,2026-07-09,2026-07-11,second_class,0.7184664730113185,4,0.016816968862690164,-0.4499745804979829,-0.09499591194933553,1.86,Low,1000.0,Corporate,Late,1,2.0,2,0
ORD10725,2026-08-12,2026-08-16,standard,0.24703177943433785,5,0.808123484661106,0.7581407115074504,-0.08147531901757099,3.42,Low,1500.0,Home Office,On Time,0,4.0,0,0
ORD10726,2026-02-06,2026-02-09,standard,-1.167272301296604,1,-0.17504075317895157,-0.08568768665648094,-0.09959051039377351,1.57,Medium,500.0,Consumer,Late,1,3.0,1,0
ORD10727,2026-01-12,2026-01-15,standard,0.7184664730113185,5,1.3129224688773367,-0.09803639492229449,-0.09527055793356097,4.12,Low,500.0,Home Office,Late,1,3.0,1,0
ORD10728,2026-04-23,2026-04-25,same_day,1.189901166588299,7,-0.8998365920029314,-0.7092974540800692,0.02298456454517104,0.92,Medium,1000.0,Home Office,On Time,0,2.0,0,1
ORD10729,2026-07-02,2026-07-03,second_class,-1.167272301296604,2,1.114243138940881,-0.07128086034636498,-0.09672103203775154,3.15,Low,1500.0,Consumer,On Time,0,1.0,0,0
ORD10730,2026-01-13,2026-01-16,second_class,0.24703177943433785,5,1.1133904379540291,-0.9583297374406439,-0.09353113336679988,2.96,Medium,1000.0,Consumer,On Time,0,3.0,0,0
ORD10731,2026-01-23,2026-01-25,second_class,-1.167272301296604,1,-1.2477385946384418,-0.6578445029725124,-0.07323880038647701,0.34,Low,1000.0,Corporate,Late,1,2.0,1,0
ORD10732,2026-08-05,2026-08-08,second_class,-1.167272301296604,2,-0.7923962676596121,1.7666185532155636,-0.07191706658739212,0.92,Low,750.0,Home Office,On Time,0,3.0,0,0
ORD10733,2026-04-09,2026-04-10,same_day,0.24703177943433785,5,0.47983360472318554,-0.3532430324157762,-0.08005345387007058,2.84,Medium,1500.0,Corporate,On Time,0,1.0,0,0
ORD10734,2026-04-15,2026-04-19,second_class,-0.22440291414264277,4,-0.05310451205915262,0.5626194972987348,-0.09943316113197768,1.9,High,500.0,Consumer,On Time,0,4.0,0,0
ORD10735,2026-01-30,2026-01-31,first_class,1.189901166588299,6,-0.38480519594447976,-0.6681350931940236,-0.0469958044146031,1.75,Low,500.0,Consumer,Late,1,1.0,1,0
ORD10736,2026-01-17,2026-01-18,second_class,-0.6958376077196234,2,-1.1070429318079045,1.6781194773105659,-0.0838727495882055,0.43,Medium,500.0,Home Office,Late,1,1.0,1,0
ORD10737,2026-04-23,2026-04-24,standard,1.189901166588299,6,0.8788976665698003,-0.38411480308031015,-0.027870716867238302,2.74,Medium,1000.0,Corporate,Late,1,1.0,1,0
ORD10738,2026-03-03,2026-03-05,second_class,-0.6958376077196234,2,-0.2739540676537535,1.725456192329518,-0.08703976109380501,1.49,Medium,1500.0,Corporate,Late,1,2.0,1,0
ORD10739,2026-03-25,2026-03-28,standard,-0.22440291414264277,4,-0.22364470942950082,-0.8286683006496008,-0.04071327752544631,1.64,High,750.0,Home Office,On Time,0,3.0,0,0
ORD10740,2026-04-22,2026-04-26,standard,0.7184664730113185,6,-0.05225181107230075,-0.5816941353333283,-0.02328756200547639,1.68,Low,500.0,Home Office,On Time,0,4.0,0,0
ORD10741,2026-08-05,2026-08-07,second_class,-0.6958376077196234,3,0.052630410310463435,-0.4602651707194942,-0.0842732749818676,2.04,High,1500.0,Corporate,On Time,0,2.0,0,0
ORD10742,2026-03-27,2026-03-28,first_class,-0.6958376077196234,1,-0.8537907387129373,-0.5590548368460033,-0.045553912997419566,0.93,Medium,500.0,Consumer,Late,1,1.0,2,0
ORD10743,2026-05-21,2026-05-25,same_day,0.24703177943433785,3,-0.20403258673191074,0.8198842528365188,-0.09482139731352561,2.0,Low,750.0,Consumer,Late,1,4.0,2,0
ORD10744,2026-07-06,2026-07-07,standard,0.7184664730113185,5,0.44146206031485724,0.801361190437798,-0.0681006317649262,2.38,High,1500.0,Home Office,Late,1,1.0,1,0
ORD10745,2026-01-19,2026-01-20,standard,-0.22440291414264277,4,-0.8554961406866409,0.03574127795735323,-0.02776772462315376,0.71,Medium,1000.0,Corporate,On Time,0,1.0,0,0
ORD10746,2026-06-26,2026-06-27,standard,-0.6958376077196234,3,1.4314479060497287,0.550270789032921,-0.06002718418696608,4.52,Medium,1000.0,Corporate,On Time,0,1.0,0,0
ORD10747,2026-04-10,2026-04-14,standard,-1.167272301296604,2,1.0178879274266344,4.56360097542235,0.08474558024786528,3.83,Medium,500.0,Corporate,On Time,0,4.0,0,1
ORD10748,2026-05-20,2026-05-23,standard,0.7184664730113185,5,-0.5067414370642788,0.2415530823875804,-0.05804172259266972,1.34,Medium,500.0,Consumer,Late,1,3.0,1,0
ORD10749,2026-07-08,2026-07-09,standard,0.7184664730113185,5,-0.4444942650241017,0.7560825934631482,-0.08251668504109241,1.22,Low,1500.0,Consumer,Late,1,1.0,1,0
ORD10750,2026-08-21,2026-08-24,standard,-0.22440291414264277,3,0.3664243734719041,-0.8039708841179736,0.15843080909901372,2.69,Medium,750.0,Corporate,Late,1,3.0,1,1
ORD10751,2026-05-27,2026-05-31,standard,-0.22440291414264277,3,0.19673687708840748,-0.6640188571054191,0.0006724392225236202,2.49,Low,500.0,Corporate,Late,1,4.0,1,1
ORD10752,2026-03-17,2026-03-21,standard,-0.22440291414264277,4,-0.6789870364083305,-1.057119403567153,-0.09698137354363189,1.02,High,1500.0,Home Office,On Time,0,4.0,0,0
ORD10753,2026-01-09,2026-01-10,second_class,-1.6387069948735846,1,1.3547048172330716,-0.0651065062134581,-0.08896514387905206,3.67,High,750.0,Home Office,On Time,0,1.0,0,0
ORD10754,2026-07-18,2026-07-21,standard,-1.167272301296604,3,-0.1758934541658033,-0.15566370016275813,-0.09199483239253888,2.15,Medium,500.0,Corporate,On Time,0,3.0,-1,0
ORD10755,2026-01-28,2026-01-31,first_class,1.6613358601652797,7,-1.1104537357553113,-1.1661996599151732,-0.05538681141182387,0.63,Medium,500.0,Corporate,Late,1,3.0,1,0
ORD10756,2026-07-25,2026-07-26,second_class,-0.6958376077196234,3,-0.6849559433162926,0.0007532712042146307,-0.058159019315099335,1.01,Low,1500.0,Consumer,On Time,0,1.0,0,0
ORD10757,2026-08-11,2026-08-13,standard,1.189901166588299,6,-1.1650265989138229,-0.21123288735891937,-0.05843652619499378,0.45,Low,500.0,Corporate,Late,1,2.0,1,0
ORD10758,2026-05-08,2026-05-10,same_day,-0.6958376077196234,2,6.594552381437021,1.0545097098869773,-0.09717019265778688,8.73,High,1000.0,Home Office,Late,1,2.0,1,0
ORD10759,2026-02-21,2026-02-25,second_class,1.189901166588299,7,-1.167584701874378,-0.5096600037827488,-0.08694249064105852,0.41,Low,750.0,Consumer,On Time,0,4.0,0,0
ORD10760,2026-03-24,2026-03-28,second_class,1.189901166588299,7,-0.3097675091015267,0.6387698649379187,-0.07831116840764048,1.99,Medium,750.0,Home Office,On Time,0,4.0,0,0
ORD10761,2026-04-21,2026-04-23,standard,0.7184664730113185,6,-0.7625517331198011,0.45148112290641196,-0.09841182137813935,0.98,High,1000.0,Home Office,On Time,0,2.0,0,0
ORD10762,2026-05-24,2026-05-26,second_class,1.189901166588299,6,-1.292931746941584,0.4308999424633893,-0.09007517139862986,0.29,High,1500.0,Consumer,Late,1,2.0,1,0
ORD10763,2026-04-27,2026-04-29,second_class,0.24703177943433785,5,1.9345414882922558,-0.8718887795799485,-0.019436796434982306,5.43,Medium,1000.0,Home Office,On Time,0,2.0,0,0
ORD10764,2026-03-10,2026-03-11,standard,-1.6387069948735846,1,-0.8444110278575683,-0.3100225534854285,-0.09662662248067405,0.73,Medium,1000.0,Corporate,On Time,0,1.0,0,0
ORD10765,2026-04-09,2026-04-10,standard,-0.6958376077196234,2,0.5966536399218741,1.2809026947602273,-0.012742300569487369,2.41,Medium,750.0,Home Office,Late,1,1.0,1,0
ORD10766,2026-05-20,2026-05-21,standard,0.24703177943433785,4,-1.000455308451437,0.8260586069694255,-0.03513167007519819,0.75,High,1500.0,Consumer,Late,1,1.0,1,0
ORD10767,2026-01-25,2026-01-26,second_class,1.189901166588299,7,0.5480496836713249,-1.147676597516453,-0.08114059422429626,3.0,Medium,500.0,Consumer,On Time,0,1.0,0,0
ORD10768,2026-06-29,2026-06-30,standard,0.24703177943433785,4,-1.3185127765471363,0.4947016018367599,-0.08709983990285435,0.31,Medium,1000.0,Consumer,Late,1,1.0,1,0
ORD10769,2026-05-03,2026-05-04,second_class,-0.22440291414264277,3,2.0786479550702,-1.1991295486240097,-0.04773391549720894,5.14,Low,1000.0,Home Office,Late,1,1.0,1,0
ORD10770,2026-08-01,2026-08-05,standard,-0.22440291414264277,3,-0.42488214232651167,-0.5137762398713532,-0.08901091820975632,1.36,Low,1500.0,Corporate,Late,1,4.0,1,0
ORD10771,2026-08-16,2026-08-19,second_class,-0.22440291414264277,4,-1.0123931222673612,0.17569330496990762,-0.08835005131021387,0.67,Medium,1000.0,Consumer,On Time,0,3.0,0,0
ORD10772,2026-02-22,2026-02-26,standard,-0.6958376077196234,3,1.6028408044069287,0.21891378390025515,-0.075536099608696,3.35,High,1500.0,Corporate,On Time,0,4.0,0,0
ORD10773,2026-05-31,2026-06-03,standard,-1.167272301296604,1,-0.6687546245661096,-1.164141541870871,-0.100068279970499,1.36,High,500.0,Consumer,Late,1,3.0,1,0
ORD10774,2026-05-24,2026-05-28,first_class,0.7184664730113185,6,-0.1912420719291346,-0.8924699600229712,-0.0958312934846879,0.45,High,1500.0,Corporate,On Time,0,4.0,0,0
ORD10775,2026-02-26,2026-03-02,standard,-0.22440291414264277,3,-0.023259977519341567,2.1494285094557863,-0.08160978111401469,1.67,Medium,500.0,Corporate,Late,1,4.0,1,0
ORD10776,2026-02-08,2026-02-09,standard,0.7184664730113185,5,-0.5928642367363045,-1.0530031674785483,-0.061494823665170735,1.2,Medium,1500.0,Corporate,Late,1,1.0,1,0
ORD10777,2026-04-19,2026-04-20,standard,-0.22440291414264277,3,-0.15031242456025098,-0.7298786345230918,-0.08919115463690426,2.27,High,1000.0,Consumer,Late,1,1.0,1,0
ORD10778,2026-06-30,2026-07-03,first_class,-1.167272301296604,2,0.5079727372892932,-1.4172900613200505,-0.0793124818917957,2.96,Medium,500.0,Home Office,On Time,0,3.0,0,0
ORD10779,2026-02-11,2026-02-14,same_day,-1.6387069948735846,1,-0.5434075794989037,2.6125050694237975,-0.0970557568310263,1.36,Low,1000.0,Home Office,On Time,0,3.0,0,0
ORD10780,2026-07-05,2026-07-06,second_class,-1.167272301296604,2,0.8030072787399953,-0.9830271539722711,-0.04313073436576392,2.49,Medium,500.0,Home Office,On Time,0,1.0,0,0
ORD10781,2026-06-16,2026-06-20,standard,-0.6958376077196234,2,0.5949482379481706,-0.8718887795799485,-0.06933367779827164,2.31,High,1500.0,Corporate,Late,1,4.0,1,0
ORD10782,2026-05-22,2026-05-25,standard,0.24703177943433785,5,-1.4762624591147082,-1.2011876666683121,-0.06679034154851737,0.03,Low,1500.0,Consumer,On Time,0,3.0,0,0
ORD10783,2026-08-11,2026-08-13,first_class,-1.6387069948735846,1,1.3205967777590022,-0.35530115046007843,-0.061068550210487516,3.22,High,1500.0,Corporate,On Time,0,2.0,0,0
ORD10784,2026-05-02,2026-05-04,second_class,-1.6387069948735846,1,-0.3822470929839246,-0.548764246624492,-0.0730814511246812,1.57,Low,750.0,Consumer,On Time,0,2.0,0,0
ORD10785,2026-05-13,2026-05-15,standard,-1.6387069948735846,1,0.49432952149966525,1.6760613592662634,-0.08455078186176203,2.21,Medium,750.0,Corporate,On Time,0,2.0,0,0
ORD10786,2026-06-12,2026-06-15,standard,-1.6387069948735846,1,-0.7472031153564697,1.4723076728803388,-0.0330432162368173,0.81,Medium,500.0,Consumer,On Time,0,3.0,0,0
ORD10787,2026-08-03,2026-08-04,standard,-1.6387069948735846,1,-0.10341387028340533,2.8821185332273944,-0.07105021519968059,1.96,Medium,750.0,Consumer,On Time,0,1.0,0,0
ORD10788,2026-08-09,2026-08-10,second_class,0.7184664730113185,5,-0.7020099630533275,0.3773888733115303,-0.07865447588792226,1.17,Medium,1500.0,Consumer,Late,1,1.0,1,0
ORD10789,2026-08-23,2026-08-24,standard,-1.167272301296604,3,-0.7062734679875861,-1.0015502163709917,-0.07518134854573814,1.02,High,750.0,Corporate,On Time,0,1.0,-1,0
ORD10790,2026-03-16,2026-03-19,second_class,-1.167272301296604,2,-0.7096842719349932,-0.26474395651077837,-0.07567914439214675,1.21,Medium,750.0,Home Office,On Time,0,3.0,0,0
ORD10791,2026-05-26,2026-05-29,standard,-1.167272301296604,1,-0.937355435424408,-0.8821793698014601,-0.07886332127176036,0.94,Low,1000.0,Corporate,Late,1,3.0,1,0
ORD10792,2026-08-27,2026-08-29,standard,1.6613358601652797,7,1.7094284277633962,-1.1312116531620346,-0.06247897177531188,3.5,Medium,500.0,Corporate,Late,1,2.0,1,0
ORD10793,2026-03-17,2026-03-20,standard,-0.6958376077196234,3,-0.6303830801577812,2.330542897354386,-0.09084475233359487,0.96,Low,500.0,Consumer,On Time,0,3.0,0,0
ORD10794,2026-01-09,2026-01-11,standard,-0.6958376077196234,3,-0.6943356541716619,0.6696416356024528,-0.0899664573632073,1.24,Low,500.0,Consumer,On Time,0,2.0,0,0
ORD10795,2026-03-15,2026-03-17,standard,-0.6958376077196234,2,0.5813050221585429,0.45971359508362125,-0.05858815366545157,2.84,Medium,750.0,Home Office,Late,1,2.0,1,0
ORD10796,2026-07-05,2026-07-06,standard,0.24703177943433785,5,-1.1334766624003083,-1.2011876666683121,-0.07822534153757002,0.42,High,1500.0,Home Office,On Time,0,1.0,0,0
ORD10797,2026-08-24,2026-08-27,standard,-0.6958376077196234,4,-0.6184452663418568,0.05632245840037587,-0.04125684770255915,1.08,Medium,1000.0,Consumer,On Time,0,3.0,-1,0
ORD10798,2026-05-25,2026-05-26,standard,-0.22440291414264277,4,-0.5348805696303862,-0.540531774447283,-0.0636919915389742,1.33,Medium,500.0,Home Office,On Time,0,1.0,0,0
ORD10799,2026-08-18,2026-08-19,standard,-0.6958376077196234,3,-0.9757269798327364,-0.08980392274508539,-0.08565222669433278,0.62,Medium,750.0,Home Office,On Time,0,1.0,0,0
ORD10800,2026-01-07,2026-01-10,same_day,1.189901166588299,6,-1.2656453153623282,-1.2917448606176118,-0.058015974531648584,0.27,Low,1500.0,Consumer,Late,1,3.0,1,0
ORD10801,2026-06-23,2026-06-26,first_class,1.189901166588299,6,-0.1042665712702569,0.3588658109128099,-0.02922964231002039,1.54,unknown,1000.0,Corporate,Late,1,3.0,1,0
ORD10802,2026-05-21,2026-05-25,first_class,-0.6958376077196234,2,0.26410025504969525,-1.330849103459355,-0.06245036281862172,2.44,Medium,1000.0,Home Office,Late,1,4.0,1,0
ORD10803,2026-06-17,2026-06-19,standard,-0.22440291414264277,4,-0.36434037226003796,-0.36970797677019435,-0.05461436958118984,1.74,High,500.0,Consumer,On Time,0,2.0,0,0
ORD10804,2026-06-19,2026-06-23,standard,-0.6958376077196234,3,1.6642352754602538,0.08925234710921225,-0.07878035529735894,3.49,Low,500.0,Home Office,On Time,0,4.0,0,0
ORD10805,2026-05-17,2026-05-19,standard,0.7184664730113185,5,0.08076954287657075,0.6614091634252436,-0.040189733618016574,2.53,Low,1500.0,Home Office,Late,1,2.0,1,0
ORD10806,2026-06-27,2026-06-29,first_class,-0.22440291414264277,4,-0.2773648716011604,0.1901001312800236,-0.08608422194035403,1.46,High,750.0,Consumer,On Time,0,2.0,0,0
ORD10807,2026-01-27,2026-01-29,standard,-0.6958376077196234,3,0.23255031853618074,0.4453067687735053,-0.06588629851710866,2.7,Medium,1500.0,Home Office,On Time,0,2.0,0,0
ORD10808,2026-05-02,2026-05-03,standard,-0.22440291414264277,3,-0.5834845258809355,0.15305400648258258,0.10965253794230921,1.26,Low,500.0,Home Office,Late,1,1.0,1,1
ORD10809,2026-07-13,2026-07-14,second_class,-1.167272301296604,1,0.8626963478196173,-0.867772543491344,-0.05931196026971235,3.21,Low,1500.0,Home Office,Late,1,1.0,1,0
ORD10810,2026-01-05,2026-01-08,standard,0.24703177943433785,5,-0.5459656824594589,-1.2053039027569166,-0.0834893895685575,1.47,High,750.0,Corporate,On Time,0,3.0,0,0
ORD10811,2026-01-29,2026-01-31,standard,-1.167272301296604,1,-0.6150344623944499,1.2520890421399957,-0.08353516389926173,0.98,Medium,1000.0,Corporate,Late,1,2.0,1,0
ORD10812,2026-06-14,2026-06-16,standard,-1.167272301296604,2,0.08076954287657075,1.8880475178293972,-0.07661751817158363,2.65,Medium,1000.0,Home Office,On Time,0,2.0,0,0
ORD10813,2026-06-15,2026-06-17,first_class,-1.6387069948735846,1,-0.6065074525259324,-0.4088122196119374,-0.04687278590083545,1.0,Low,1000.0,Consumer,On Time,0,2.0,0,0
ORD10814,2026-03-24,2026-03-25,second_class,0.7184664730113185,7,-1.3040168597706565,-0.7566341690990214,-0.07134488745358913,0.22,Medium,1000.0,Home Office,On Time,0,1.0,-1,0
ORD10815,2026-05-16,2026-05-19,standard,-1.167272301296604,1,0.2845650787341369,-1.2958610967062165,-0.0870941181115163,2.54,High,500.0,Home Office,Late,1,3.0,1,0
ORD10816,2026-08-28,2026-08-29,standard,1.6613358601652797,7,0.6597535129489028,-0.6434376766623964,-0.08711986617253745,2.59,Low,500.0,Corporate,Late,1,1.0,1,0
ORD10817,2026-04-19,2026-04-23,first_class,0.24703177943433785,4,-0.4274402452870668,-0.8183777104280895,-0.07117895550478626,1.58,Medium,750.0,Corporate,Late,1,4.0,1,0
ORD10818,2026-03-06,2026-03-10,standard,0.7184664730113185,6,0.02108047379694893,-1.0735843479215712,-0.0739626069907378,1.78,High,750.0,Corporate,On Time,0,4.0,0,0
ORD10819,2026-03-27,2026-03-31,second_class,-0.6958376077196234,3,-0.5110049419985375,1.3899829511082478,-0.062187160417072354,1.26,Low,750.0,Home Office,On Time,0,4.0,0,0
ORD10820,2026-05-25,2026-05-28,first_class,1.6613358601652797,7,-0.10597197324396035,0.4802947755266439,-0.04384023649167963,2.0,Medium,750.0,Home Office,Late,1,3.0,1,0
ORD10821,2026-03-12,2026-03-16,standard,0.24703177943433785,5,-0.8998365920029314,0.5091084281468754,0.13681102052826793,0.83,Medium,1500.0,Consumer,On Time,0,4.0,0,1
ORD10822,2026-08-05,2026-08-08,standard,-1.6387069948735846,1,3.315917086992076,-0.35530115046007843,-0.09592570304176538,5.79,Medium,750.0,Home Office,On Time,0,3.0,0,0
ORD10823,2026-02-14,2026-02-15,first_class,2.1327705537422603,7,2.5408118899438437,-0.9295160848204121,-0.0537818489415065,4.47,Medium,1000.0,Home Office,Late,1,1.0,2,0
ORD10824,2026-05-12,2026-05-13,standard,0.7184664730113185,5,-0.9757269798327364,-0.08568768665648094,-0.07257221169559654,0.83,Medium,1000.0,Corporate,Late,1,1.0,1,0
ORD10825,2026-02-05,2026-02-08,standard,0.7184664730113185,6,-0.2773648716011604,-0.17418676256147855,-0.09854628347458307,1.55,Medium,1000.0,Corporate,On Time,0,3.0,0,0
ORD10826,2026-03-11,2026-03-12,second_class,0.24703177943433785,6,-0.050546409098597304,-1.2135363749341257,-0.026139874987484265,2.13,Medium,1500.0,Corporate,On Time,0,1.0,-1,0
ORD10827,2026-06-08,2026-06-09,standard,-1.6387069948735846,1,-0.006205957782306807,0.5132246642354803,-0.06329432704098113,1.72,Medium,750.0,Corporate,On Time,0,1.0,0,0
ORD10828,2026-01-19,2026-01-22,standard,-0.6958376077196234,2,0.8985097892673903,-0.25239524824496484,-0.04912717168801921,3.87,Low,1000.0,Corporate,Late,1,3.0,1,0
ORD10829,2026-07-08,2026-07-12,standard,-1.167272301296604,1,-0.6875140462768479,-0.17212864451717633,-0.09763937954750533,0.98,Medium,1000.0,Consumer,Late,1,4.0,1,0
ORD10830,2026-04-18,2026-04-21,first_class,0.24703177943433785,4,0.20696928893062844,-0.7319367525673941,-0.0797730860945071,2.61,High,1000.0,Consumer,Late,1,3.0,1,0
ORD10831,2026-07-01,2026-07-03,standard,1.189901166588299,7,-0.39589030877355247,-0.5076018857384466,-0.09243254942989816,1.39,Medium,1000.0,Consumer,On Time,0,2.0,0,0
ORD10832,2026-06-16,2026-06-17,same_day,-1.167272301296604,3,-1.1198334466106805,0.5255733725012937,0.05288092428637702,0.44,Medium,500.0,Corporate,On Time,0,1.0,-1,1
ORD10833,2026-04-01,2026-04-04,second_class,-0.22440291414264277,2,0.5147943451841069,2.0279995448419514,-0.032219278284140986,2.37,Medium,750.0,Corporate,Late,1,3.0,2,0
ORD10834,2026-07-21,2026-07-22,standard,-0.6958376077196234,1,-0.2833337785091226,2.122672974879856,-0.08756044410556574,1.43,High,750.0,Corporate,Late,1,1.0,2,0
ORD10835,2026-03-31,2026-04-04,standard,0.24703177943433785,5,-0.44364156403724986,-0.5590548368460033,-0.09649788217556837,1.37,High,1500.0,Consumer,On Time,0,4.0,0,0
ORD10836,2026-01-19,2026-01-20,standard,-1.167272301296604,2,-0.33449583772022706,-0.3100225534854285,-0.07005176261119438,1.3,Low,500.0,Corporate,On Time,0,1.0,0,0
ORD10837,2026-02-08,2026-02-11,first_class,1.189901166588299,7,0.5412280757765111,1.0915558346844183,-0.03506586947481084,2.57,Medium,1500.0,Consumer,On Time,0,3.0,0,0
ORD10838,2026-05-06,2026-05-10,second_class,-0.6958376077196234,2,-0.7983651745675742,-0.8369007728268099,-0.09787111209669554,0.78,Medium,1000.0,Corporate,Late,1,4.0,1,0
ORD10839,2026-07-14,2026-07-18,first_class,1.6613358601652797,7,-1.0908416130577212,-1.0694681118329665,-0.09079611710722163,0.53,Medium,1500.0,Home Office,Late,1,4.0,1,0
ORD10840,2026-06-22,2026-06-26,standard,-1.167272301296604,1,-0.6517006048290748,-0.06099027012485366,-0.09270719541412359,1.11,Low,1000.0,Consumer,Late,1,4.0,1,0
ORD10841,2026-05-21,2026-05-23,second_class,1.189901166588299,7,-0.02496537949304501,0.21685566585595292,-0.046169005566257776,2.2,High,1000.0,Home Office,On Time,0,2.0,0,0
ORD10842,2026-08-08,2026-08-11,standard,-1.167272301296604,2,-0.6858086443031445,-0.20711665127031492,-0.08259965101549385,1.05,Low,750.0,Consumer,On Time,0,3.0,0,0
ORD10843,2026-05-06,2026-05-09,second_class,0.24703177943433785,5,0.11146677840323337,-0.594042843599142,-0.08183865276753588,2.51,Medium,750.0,Corporate,On Time,0,3.0,0,0
ORD10844,2026-02-27,2026-03-03,second_class,1.189901166588299,6,0.205263886956925,0.1983326034572327,-0.07057530651862412,1.92,Medium,750.0,Corporate,Late,1,4.0,1,0
ORD10845,2026-05-28,2026-05-29,standard,-1.167272301296604,2,-0.3830997939707763,-0.5137762398713532,-0.09015527647736228,1.36,Low,750.0,Home Office,On Time,0,1.0,0,0
ORD10846,2026-08-08,2026-08-12,standard,1.6613358601652797,7,0.1830936612987796,-0.30590631739682383,-0.09578265825831464,1.81,High,750.0,Corporate,Late,1,4.0,1,0
ORD10847,2026-07-19,2026-07-21,second_class,0.7184664730113185,6,-0.2713959646931982,-0.36764985872589195,-0.018567084151601763,1.97,High,500.0,Consumer,On Time,0,2.0,0,0
ORD10848,2026-03-02,2026-03-06,second_class,1.6613358601652797,7,-0.1912420719291346,0.029566923824446364,-0.012233061140402719,1.94,Medium,750.0,Corporate,Late,1,4.0,1,0
ORD10849,2026-05-07,2026-05-10,standard,0.7184664730113185,5,0.15410182774582043,-0.7422273427889055,-0.07044370531784942,1.85,Medium,1500.0,Corporate,Late,1,3.0,1,0
ORD10850,2026-04-15,2026-04-19,standard,1.189901166588299,7,-0.14093271370488175,-0.06304838816915588,-0.06842963476686292,1.87,Low,1000.0,Consumer,On Time,0,4.0,0,0
ORD10851,2026-06-16,2026-06-17,first_class,-1.167272301296604,1,-1.1599103929927126,-1.3205585132378437,-0.025444677339913655,0.46,Medium,750.0,Home Office,Late,1,1.0,1,0
ORD10852,2026-01-01,2026-01-04,standard,-0.6958376077196234,3,2.1101978915837143,-0.8924699600229712,-0.07105879788668763,4.06,Low,500.0,Home Office,On Time,0,3.0,0,0
ORD10853,2026-05-11,2026-05-12,standard,-1.167272301296604,2,-0.11876248804673664,0.40414440788745964,-0.08346364150753637,1.79,Medium,1500.0,Corporate,On Time,0,1.0,0,0
ORD10854,2026-07-24,2026-07-28,standard,-0.6958376077196234,3,-0.8529380377260856,-0.49113694138402836,-0.07403699027813218,0.99,High,1500.0,Consumer,On Time,0,4.0,0,0
ORD10855,2026-04-02,2026-04-05,standard,1.6613358601652797,7,0.218054401759701,-0.5220087120485624,-0.01700503511631962,1.91,Low,1000.0,Home Office,Late,1,3.0,1,0
ORD10856,2026-07-09,2026-07-11,first_class,0.7184664730113185,5,2.2236071228349963,0.9145576828744231,-0.0736965436935194,6.14,High,1500.0,Home Office,Late,1,2.0,1,0
ORD10857,2026-07-10,2026-07-13,same_day,-1.167272301296604,2,-0.7327071985799901,1.4311453119942932,-0.08739451215676287,0.86,Low,1500.0,Corporate,On Time,0,3.0,0,0
ORD10858,2026-04-23,2026-04-24,second_class,1.6613358601652797,7,2.78383167119659,0.6449442190708253,-0.07131341760122997,6.99,High,1500.0,Consumer,Late,1,1.0,1,0
ORD10859,2026-06-02,2026-06-05,standard,1.189901166588299,6,0.6299089784090921,-0.3182550256626376,-0.05497770333115473,2.59,Low,1500.0,Home Office,Late,1,3.0,1,0
ORD10860,2026-02-25,2026-02-27,first_class,0.24703177943433785,4,-1.236653481809369,-0.56522919097891,-0.059406369826789845,0.43,Medium,500.0,Corporate,Late,1,2.0,1,0
ORD10861,2026-06-10,2026-06-12,standard,1.189901166588299,7,2.976542094225083,-0.7175299262572782,-0.05881702531897277,5.35,Low,1000.0,Corporate,On Time,0,2.0,0,0
ORD10862,2026-06-15,2026-06-17,standard,-0.6958376077196234,3,-1.2340953788488138,0.02133445164723727,-0.08951443584750293,0.45,High,750.0,Corporate,On Time,0,2.0,0,0
ORD10863,2026-04-27,2026-04-29,same_day,-0.6958376077196234,2,-0.06845312982248394,-0.9315742028647144,-0.050391687573723816,1.63,Medium,1500.0,Corporate,Late,1,2.0,1,0
ORD10864,2026-05-14,2026-05-15,standard,-1.167272301296604,3,-0.3532552594309654,0.7828381280390776,-0.07430019267968156,1.53,Low,500.0,Home Office,On Time,0,1.0,-1,0
ORD10865,2026-02-27,2026-03-02,same_day,-1.167272301296604,2,-0.9595256610825532,0.2868316793622301,-0.08798957845591797,0.87,Medium,1000.0,Consumer,On Time,0,3.0,0,0
ORD10866,2026-02-13,2026-02-17,standard,1.6613358601652797,7,0.40991212380134273,-0.5220087120485624,-0.050723551471329544,2.29,Medium,750.0,Corporate,Late,1,4.0,1,0
ORD10867,2026-06-22,2026-06-24,first_class,-1.6387069948735846,1,1.4041614744704731,-0.5322993022700738,-0.08405012511968442,3.81,Medium,1000.0,Corporate,On Time,0,2.0,0,0
ORD10868,2026-06-09,2026-06-13,standard,1.6613358601652797,6,-1.135182064374012,-0.5384736564029805,-0.09677538905546282,0.56,High,500.0,Home Office,Late,1,4.0,2,0
ORD10869,2026-06-22,2026-06-26,standard,0.7184664730113185,7,1.8108998451987532,-0.44791646245368066,-0.09158286341620074,5.51,Medium,500.0,Corporate,On Time,0,4.0,-1,0
ORD10870,2026-03-02,2026-03-05,standard,0.24703177943433785,3,0.6120022576852054,-0.15977993625136258,-0.078986339785528,2.86,Low,500.0,Corporate,Late,1,3.0,2,0
ORD10871,2026-02-16,2026-02-20,second_class,-0.22440291414264277,4,1.6684987803945124,-0.0733389783906672,-0.05789867780921898,5.07,Low,1500.0,Consumer,On Time,0,4.0,0,0
ORD10872,2026-05-29,2026-06-02,second_class,-0.6958376077196234,4,-0.2560473469298669,1.809839032145911,-0.08998076184155238,1.99,Medium,500.0,Corporate,On Time,0,4.0,-1,0
ORD10873,2026-03-21,2026-03-22,second_class,0.24703177943433785,5,2.910884118237499,-0.1618380542956648,-0.08017361148816919,6.42,Medium,750.0,Home Office,On Time,0,1.0,0,0
ORD10874,2026-04-28,2026-05-02,second_class,-0.6958376077196234,2,0.12255189123230623,-0.6043334338206533,-0.09380291845535632,2.01,Medium,1500.0,Consumer,Late,1,4.0,1,0
ORD10875,2026-08-01,2026-08-04,second_class,-0.22440291414264277,3,0.06542092511323942,1.5072956796334773,-0.04073616469079844,2.02,Low,1000.0,Home Office,Late,1,3.0,1,0
ORD10876,2026-07-22,2026-07-26,standard,0.24703177943433785,5,0.02960748366546646,-0.30796443544112606,0.0076072503242158055,2.48,Medium,750.0,Consumer,On Time,0,4.0,0,1
ORD10877,2026-08-17,2026-08-20,standard,-0.6958376077196234,3,-1.1906076285193752,-1.367895228256796,-0.001270108936737521,0.34,High,1500.0,Consumer,On Time,0,3.0,0,1
ORD10878,2026-06-13,2026-06-15,second_class,-0.6958376077196234,2,0.3962689080117149,1.9641978854685813,-0.041571546226150786,2.11,Low,500.0,Corporate,Late,1,2.0,1,0
ORD10879,2026-08-15,2026-08-19,first_class,1.189901166588299,7,-1.0217728331227303,-0.8924699600229712,-0.04636926826308883,0.71,Medium,1000.0,Corporate,On Time,0,4.0,0,0
ORD10880,2026-05-27,2026-05-31,second_class,1.6613358601652797,7,-0.9416189403586666,0.16951895083700078,-0.09978219040359751,0.88,Medium,500.0,Corporate,Late,1,4.0,1,0
ORD10881,2026-01-20,2026-01-24,standard,-0.6958376077196234,4,-1.303164158783805,-0.38823103916891477,-0.07050950591823678,0.22,Medium,750.0,Home Office,On Time,0,4.0,-1,0
ORD10882,2026-07-04,,standard,1.6613358601652797,7,-1.2571183054938109,-0.26268583846647614,-0.08475104455859307,0.33,Low,750.0,Corporate,Late,1,,1,0
ORD10883,2026-05-26,2026-05-27,same_day,1.6613358601652797,7,1.363231827101589,-0.8163195923837873,-0.045553912997419566,4.08,Medium,1500.0,Corporate,Late,1,1.0,1,0
ORD10884,2026-02-16,2026-02-20,first_class,-0.6958376077196234,1,-0.3532552594309654,-0.9418647930862257,-0.10174476483254175,1.51,High,750.0,Consumer,Late,1,4.0,2,0
ORD10885,2026-08-21,2026-08-24,standard,0.24703177943433785,4,0.10038166557416082,0.8589884956782619,-0.07008037156788453,1.87,Low,1000.0,Corporate,Late,1,3.0,1,0
ORD10886,2026-02-18,2026-02-19,second_class,0.24703177943433785,5,0.9130057060438701,-0.2318140678019422,-0.07965292847640848,3.7,Medium,1500.0,Corporate,On Time,0,1.0,0,0
ORD10887,2026-01-14,2026-01-15,same_day,0.7184664730113185,6,-0.8137137923309056,-0.44791646245368066,-0.033658308805655505,0.81,Low,1000.0,Corporate,On Time,0,1.0,0,0
ORD10888,2026-05-23,2026-05-24,standard,-1.167272301296604,1,-0.7113896739086966,-0.43145151809926247,-0.005996308581950175,0.93,Medium,500.0,Corporate,Late,1,1.0,1,0
ORD10889,2026-06-08,2026-06-12,second_class,0.24703177943433785,5,1.0537013688744072,0.9865918144250024,-0.09076178635919345,3.28,Medium,1000.0,Consumer,On Time,0,4.0,0,0
ORD10890,2026-01-01,2026-01-03,same_day,-0.6958376077196234,2,-0.5860426288414907,-0.8862956058900645,-0.09022107707774962,1.03,Medium,1000.0,Corporate,Late,1,2.0,1,0
ORD10891,2026-04-27,2026-04-29,same_day,-1.167272301296604,1,1.5064855928926817,-0.21123288735891937,-0.06904186644003212,4.69,Low,750.0,Consumer,Late,1,2.0,1,0
ORD10892,2026-02-23,2026-02-27,same_day,0.24703177943433785,5,-0.23472982225857336,-0.015711673150203557,0.009020532784709179,1.59,Medium,500.0,Home Office,On Time,0,4.0,0,1
ORD10893,2026-04-28,2026-05-01,first_class,-1.167272301296604,2,1.3589683221673308,-0.5467061285801896,-0.07352775084904753,3.82,Medium,750.0,Corporate,On Time,0,3.0,0,0
ORD10894,2026-01-03,2026-01-06,standard,-0.22440291414264277,4,-0.5672832071307524,-0.6825419195041396,-0.09438368027616634,1.27,Medium,500.0,Corporate,On Time,0,3.0,0,0
ORD10895,2026-05-24,2026-05-27,standard,0.7184664730113185,6,1.5627638580248968,-0.7504598149661145,-0.08646472106433302,4.49,Medium,500.0,Corporate,On Time,0,3.0,0,0
ORD10896,2026-08-03,2026-08-07,standard,-1.6387069948735846,2,-1.0968105199656835,-0.7751572314977418,-0.06981430827066615,0.57,Medium,1000.0,Consumer,On Time,0,4.0,-1,0
ORD10897,2026-07-04,2026-07-06,standard,1.6613358601652797,7,0.20782198991748033,0.5523289070772233,-0.06877008135147569,2.7,High,750.0,Corporate,Late,1,2.0,1,0
ORD10898,2026-07-22,2026-07-26,standard,-0.6958376077196234,3,-0.6244141732498191,-0.9933177441937825,-0.08788372531616442,1.29,Medium,1000.0,Corporate,On Time,0,4.0,0,0
ORD10899,2026-01-12,2026-01-14,standard,-1.167272301296604,2,-0.26116355285097737,-0.38617292112461254,-0.08676225421391058,1.81,Medium,1000.0,Home Office,On Time,0,2.0,0,0
ORD10900,2026-03-15,2026-03-16,standard,-1.167272301296604,2,0.5855685270928016,-0.07951333252357408,-0.09136829624102462,2.48,High,1000.0,Consumer,On Time,0,1.0,0,0
ORD10901,2026-08-12,2026-08-16,standard,0.7184664730113185,6,-0.37457278410225897,-0.9048186682887849,-0.032408097398295976,1.84,Low,500.0,Consumer,On Time,0,4.0,0,0
ORD10902,2026-01-16,2026-01-18,second_class,-1.167272301296604,3,0.7433182096603734,-1.0879911742316872,-0.08961456719591845,2.75,Low,750.0,Home Office,On Time,0,2.0,-1,0
ORD10903,2026-07-19,2026-07-20,standard,1.6613358601652797,7,0.8848665734777625,-1.2917448606176118,-0.08423608333817038,3.56,Medium,750.0,Consumer,Late,1,1.0,1,0
ORD10904,2026-04-12,2026-04-13,first_class,0.24703177943433785,5,-0.3276742298254131,-0.11038510318810803,-0.08470527022788885,1.89,Medium,1000.0,Corporate,On Time,0,1.0,0,0
ORD10905,2026-07-23,2026-07-27,first_class,0.7184664730113185,5,0.6409940912381646,-1.2258850831999393,-0.09700139981331499,3.07,High,500.0,Corporate,Late,1,4.0,1,0
ORD10906,2026-06-01,2026-06-03,standard,-0.6958376077196234,2,-0.46922259364280217,2.2832061823354337,-0.08997217915454532,1.54,High,750.0,Home Office,Late,1,2.0,1,0
ORD10907,2026-06-05,2026-06-06,same_day,0.24703177943433785,3,-0.1912420719291346,0.1633445967040939,-0.027418695351533948,1.81,Medium,1500.0,Consumer,Late,1,1.0,2,0
ORD10908,2026-04-27,2026-05-01,first_class,-0.6958376077196234,3,0.43122964847263623,-0.6084496699092579,-0.09373425695929996,2.7,Medium,750.0,Consumer,On Time,0,4.0,0,0
ORD10909,2026-01-08,2026-01-09,standard,1.189901166588299,7,-0.690072149237403,-0.6063915518649555,-0.09116517264852454,0.88,Medium,1000.0,Consumer,On Time,0,1.0,0,0
ORD10910,2026-05-02,2026-05-05,standard,0.7184664730113185,6,-1.147119878189936,-0.08774580470078316,-0.09485572806155379,0.39,Low,1500.0,Home Office,On Time,0,3.0,0,0
ORD10911,2026-04-02,2026-04-06,standard,-0.22440291414264277,4,-0.8307678120679404,-0.5755197812004215,-0.07704665252193588,0.9,Medium,500.0,Corporate,On Time,0,4.0,0,0
ORD10912,2026-06-13,2026-06-14,standard,0.7184664730113185,5,-0.6261195752235225,-1.260873089953078,0.02293306842312877,1.01,Medium,1500.0,Home Office,Late,1,1.0,1,1
ORD10913,2026-03-31,2026-04-04,standard,1.189901166588299,6,0.9931595988079336,-1.1579671877379643,-0.07795927824035165,4.16,Medium,1500.0,Corporate,Late,1,4.0,1,0
ORD10914,2026-05-16,2026-05-20,first_class,-1.167272301296604,1,-0.5118576429853892,0.8301748430580299,-0.07336467979591366,1.27,Low,1000.0,Home Office,Late,1,4.0,1,0
ORD10915,2026-07-05,2026-07-07,second_class,0.24703177943433785,5,0.6716913267648272,-0.6640188571054191,-0.08911104955817183,2.56,Low,750.0,Corporate,On Time,0,2.0,0,0
ORD10916,2026-03-01,2026-03-03,second_class,1.189901166588299,6,-1.402077473258607,-0.29973196326391716,-0.0764000901007385,0.16,Low,500.0,Consumer,Late,1,2.0,1,0
ORD10917,2026-06-27,2026-06-28,standard,-0.22440291414264277,5,-0.9902228966092158,0.6840484619125689,-0.027364338333822662,0.84,High,1500.0,Consumer,On Time,0,1.0,-1,0
ORD10918,2026-01-28,2026-02-01,standard,0.24703177943433785,4,-0.5826318248940837,-0.723704280390185,-0.07141927074098353,1.42,Low,1000.0,Consumer,Late,1,4.0,1,0
ORD10919,2026-08-08,2026-08-12,standard,-1.167272301296604,1,1.6736149863156229,-1.2752799162631936,0.04917892529067169,4.25,High,750.0,Home Office,Late,1,4.0,1,1
ORD10920,2026-04-11,2026-04-14,standard,-0.22440291414264277,4,-0.07698013969100116,-0.24210465802345352,-0.02553908689699114,1.86,Medium,1500.0,Home Office,On Time,0,3.0,0,0
ORD10921,2026-02-10,2026-02-14,standard,1.189901166588299,7,-0.9492932492403322,-0.04864156185903993,-0.07695224296485839,0.77,Medium,1000.0,Home Office,On Time,0,4.0,0,0
ORD10922,2026-08-16,2026-08-18,second_class,-1.167272301296604,1,-1.276730428191401,-0.8883537239343667,21.350283744777894,0.31,Medium,1000.0,Consumer,Late,1,2.0,1,1
ORD10923,2026-07-11,2026-07-15,standard,-1.167272301296604,2,0.08247494485027419,-1.0468288133456416,0.0004492893603404637,2.1,Medium,1000.0,Corporate,On Time,0,4.0,0,1
ORD10924,2026-06-04,2026-06-06,second_class,0.7184664730113185,6,-0.8904568811475623,0.768431301728962,-0.0715680373157723,0.72,Medium,500.0,Consumer,On Time,0,2.0,0,0
ORD10925,2026-07-10,2026-07-13,standard,-1.6387069948735846,1,-0.7599936301592458,0.155112124526885,-0.01594364282311507,1.18,Medium,750.0,Consumer,On Time,0,3.0,0,0
ORD10926,2026-05-25,2026-05-26,same_day,1.189901166588299,7,-0.9663472689773672,-0.6990068638585577,0.03484297709323791,0.63,Medium,1500.0,Corporate,On Time,0,1.0,0,1
ORD10927,2026-07-20,2026-07-22,first_class,1.6613358601652797,7,-0.8819298712790448,-1.0797587020544779,-0.07944694398823941,0.75,Medium,750.0,Corporate,Late,1,2.0,1,0
ORD10928,2026-06-10,2026-06-11,second_class,0.24703177943433785,4,-1.0678186864127244,0.36298204700141434,-0.06547719043643951,0.52,Medium,750.0,Corporate,Late,1,1.0,1,0
ORD10929,2026-07-31,2026-08-01,standard,0.7184664730113185,5,-0.26883786173264307,-0.4973112955169352,-0.04083629603921395,1.46,Low,1500.0,Corporate,Late,1,1.0,1,0
ORD10930,2026-07-24,2026-07-25,second_class,-1.6387069948735846,1,-0.013880266663972463,-0.9377485569976213,-0.05050040160914638,1.97,Medium,750.0,Consumer,On Time,0,1.0,0,0
ORD10931,2026-08-08,2026-08-09,second_class,1.189901166588299,6,-0.8699920574631204,0.24772743652048707,-0.0507922129673859,0.95,High,500.0,Home Office,Late,1,1.0,1,0
ORD10932,2026-08-28,2026-08-30,second_class,-1.167272301296604,1,2.136631622176118,-0.43145151809926247,-0.09486431074856085,4.67,Low,1500.0,Consumer,Late,1,2.0,1,0
ORD10933,2026-06-06,2026-06-09,first_class,-0.6958376077196234,3,0.3280528290635758,0.004869507292819086,-0.08978622093605935,1.99,Low,1500.0,Corporate,On Time,0,3.0,0,0
ORD10934,2026-05-21,2026-05-25,second_class,0.24703177943433785,5,-1.3244816834550985,0.25595990869769636,-0.08473960097591703,0.23,Low,1000.0,Home Office,On Time,0,4.0,0,0
ORD10935,2026-02-15,2026-02-17,standard,1.189901166588299,6,-0.1042665712702569,-1.2341175553771482,-0.028225467930196153,2.33,Medium,750.0,Home Office,Late,1,2.0,1,0
ORD10936,2026-02-04,2026-02-07,first_class,0.24703177943433785,6,0.06968443004749819,-0.9727365637507599,-0.09398029398683524,2.55,Low,1500.0,Consumer,On Time,0,3.0,-1,0
ORD10937,2026-05-14,2026-05-18,second_class,-1.167272301296604,2,0.12681539616656468,0.6099562123176868,-0.007844447184133812,1.75,Medium,1500.0,Consumer,On Time,0,4.0,0,0
ORD10938,2026-03-23,2026-03-24,standard,-0.22440291414264277,4,-0.2739540676537535,0.1304147079952577,-0.049979718597385654,1.98,Low,500.0,Consumer,On Time,0,1.0,0,0
ORD10939,2026-04-25,2026-04-29,standard,-1.6387069948735846,2,0.6009171448561329,0.7210945867100096,-0.031678569002697166,3.44,Low,1000.0,Home Office,On Time,0,4.0,-1,0
ORD10940,2026-07-16,2026-07-20,standard,0.7184664730113185,6,1.1057161290723634,-0.8142614743394849,-0.09077036904620049,3.64,Medium,1500.0,Home Office,On Time,0,4.0,0,0
ORD10941,2026-02-16,2026-02-19,second_class,0.24703177943433785,5,0.33657983893209303,-0.3820566850360079,-0.07322735680380096,1.99,Low,500.0,Home Office,On Time,0,3.0,0,0
ORD10942,2026-06-02,2026-06-06,standard,-1.167272301296604,1,1.459587038615836,-0.34089432414996246,-0.06707357021974984,4.2,High,1500.0,Corporate,Late,1,4.0,1,0
ORD10943,2026-07-13,2026-07-14,standard,-1.6387069948735846,1,0.8558747399248033,0.03162504186874859,-0.0683495296881305,3.21,Low,1500.0,Corporate,On Time,0,1.0,0,0
ORD10944,2026-01-10,2026-01-12,standard,0.7184664730113185,5,-0.4299983482476221,0.006927625337121313,-0.06717084067249636,1.32,Medium,1500.0,Consumer,Late,1,2.0,1,0
ORD10945,2026-02-25,2026-02-27,second_class,0.7184664730113185,6,0.12169919024545435,0.5070503101025732,-0.08087167003140884,2.69,Low,500.0,Home Office,On Time,0,2.0,0,0
ORD10946,2026-01-30,2026-02-02,standard,2.1327705537422603,7,0.38433109419579076,-0.3779404489474035,-0.07162239433348358,2.09,Medium,750.0,Consumer,Late,1,3.0,2,0
ORD10947,2026-04-19,2026-04-20,second_class,-0.6958376077196234,1,1.039205452097928,0.38150510940013477,-0.038147054110339924,3.29,High,1500.0,Home Office,Late,1,1.0,2,0
ORD10948,2026-01-05,2026-01-06,standard,1.6613358601652797,7,-0.3234107248911545,0.5770263236088504,-0.09331942708729278,1.56,High,1500.0,Consumer,Late,1,1.0,1,0
ORD10949,2026-04-29,2026-05-03,second_class,-1.167272301296604,1,0.03216558662602148,-0.38411480308031015,-0.006064970078006536,1.73,Low,750.0,Corporate,Late,1,4.0,1,0
ORD10950,2026-02-02,2026-02-05,same_day,-1.167272301296604,1,-1.2844047370730667,-0.6207983781750714,-0.04074188648213646,0.24,Medium,1500.0,Home Office,Late,1,3.0,1,0
ORD10951,2026-04-28,2026-04-29,standard,0.24703177943433785,4,-0.581779123907232,-0.2400465399791513,-0.09118233802253864,1.25,Medium,1000.0,Corporate,Late,1,1.0,1,0
ORD10952,2026-03-06,2026-03-07,standard,-0.22440291414264277,4,-1.434480110758973,0.14276341626107125,-0.06448732053496035,0.11,Low,1500.0,Home Office,On Time,0,1.0,0,0
ORD10953,2026-05-26,2026-05-27,second_class,-0.6958376077196234,3,-0.8989838910160796,4.639751343061534,-0.04458693026129252,0.69,Low,1000.0,Consumer,On Time,0,1.0,0,0
ORD10954,2026-08-12,2026-08-14,standard,-0.6958376077196234,2,-0.7625517331198011,-0.19888417909310582,-0.09398029398683524,1.01,High,750.0,Home Office,Late,1,2.0,1,0
ORD10955,2026-08-27,2026-08-29,standard,0.24703177943433785,5,0.3783621872878285,-0.7977965299850668,-0.07397405057341386,1.72,High,500.0,Corporate,On Time,0,2.0,0,0
ORD10956,2026-06-26,2026-06-28,second_class,0.7184664730113185,5,-0.8111556893703503,-1.3040935688834256,-0.07677772832904849,0.75,High,750.0,Home Office,Late,1,2.0,1,0
ORD10957,2026-01-11,2026-01-15,same_day,0.7184664730113185,5,-0.26627975877208787,0.5667357333873393,-0.08705120467648109,1.95,Medium,1500.0,Consumer,Late,1,4.0,1,0
ORD10958,2026-03-26,2026-03-30,first_class,-0.6958376077196234,3,0.12852079814026843,-1.1044561185861053,-0.07272383916605434,1.77,Medium,1000.0,Home Office,On Time,0,4.0,0,0
ORD10959,2026-01-26,2026-01-30,standard,0.24703177943433785,4,-0.2944188913381952,3.8226784794735327,-0.08638175508993158,1.68,Low,500.0,Corporate,Late,1,4.0,1,0
ORD10960,2026-03-04,2026-03-05,standard,0.7184664730113185,6,-0.6943356541716619,0.0954267012421191,-0.01826382921068618,0.99,Low,1500.0,Consumer,On Time,0,1.0,0,0
ORD10961,2026-08-05,2026-08-07,standard,1.189901166588299,7,1.8202795560541223,2.2173464049177607,-0.08677369779658663,5.46,Low,500.0,Corporate,On Time,0,2.0,0,0
ORD10962,2026-03-27,2026-03-28,second_class,1.189901166588299,7,0.6827764395939001,0.6470023371151276,-0.04946189648129396,2.43,Medium,500.0,Home Office,On Time,0,1.0,0,0
ORD10963,2026-02-28,2026-03-01,second_class,0.7184664730113185,6,-0.3506971564704101,-0.44585834440937844,-0.09734470729359679,1.42,Medium,1500.0,Corporate,On Time,0,1.0,0,0
ORD10964,2026-01-27,2026-01-30,second_class,-0.22440291414264277,3,-0.5664305061439007,0.05220622231177142,-0.07857437080918986,1.15,High,750.0,Home Office,Late,1,3.0,1,0
ORD10965,2026-06-26,2026-06-27,standard,1.189901166588299,6,0.0850330478108295,-0.9274579667761097,-0.07468641359499856,1.76,High,1500.0,Consumer,Late,1,1.0,1,0
ORD10966,2026-07-24,2026-07-28,first_class,0.24703177943433785,5,0.07394793498175696,-0.4664395248524011,-0.07924382039573934,2.05,High,1500.0,Corporate,On Time,0,4.0,0,0
ORD10967,2026-06-10,2026-06-12,standard,-0.6958376077196234,2,-0.13325840482321608,0.10983352755223488,-0.08306597700954328,1.86,High,750.0,Corporate,Late,1,2.0,1,0
ORD10968,2026-04-08,2026-04-10,standard,-1.167272301296604,1,-0.6994518600927722,-1.2032457847126143,-0.08736876409574175,0.9,Low,1000.0,Home Office,Late,1,2.0,1,0
ORD10969,2026-04-15,2026-04-16,second_class,1.189901166588299,7,-1.372232938718796,-0.5734616631561191,-0.0510411108905902,0.16,Medium,1500.0,Corporate,On Time,0,1.0,0,0
ORD10970,2026-04-09,2026-04-13,standard,-0.22440291414264277,4,0.07309523399490508,0.504992192058271,-0.039872174198755925,1.72,Medium,500.0,Corporate,On Time,0,4.0,0,0
ORD10971,2026-05-09,2026-05-13,first_class,0.24703177943433785,4,-0.8427056258838647,0.08719422906491002,-0.07685783340778089,0.72,Low,1500.0,Consumer,Late,1,4.0,1,0
ORD10972,2026-05-29,2026-06-02,second_class,-0.22440291414264277,3,1.7503580751322796,-0.9933177441937825,-0.09261564675271511,4.48,High,1500.0,Home Office,Late,1,4.0,1,0
ORD10973,2026-08-28,2026-08-30,same_day,-0.22440291414264277,4,-1.0072769163462507,1.0977301888173254,0.014350381416083987,0.67,High,500.0,Home Office,On Time,0,2.0,0,1
ORD10974,2026-02-24,2026-02-28,second_class,-0.22440291414264277,5,-0.5331751676566827,-0.21123288735891937,-0.09017530274704538,1.42,Low,750.0,Consumer,On Time,0,4.0,-1,0
ORD10975,2026-01-06,2026-01-10,second_class,1.6613358601652797,7,1.6855528001315474,-0.8471913630483214,-0.09590567677208228,3.88,Low,1000.0,Consumer,Late,1,4.0,1,0
ORD10976,2026-08-08,2026-08-09,first_class,1.189901166588299,6,-0.5382913735777932,-1.2053039027569166,-0.09948179635835094,1.34,Medium,1000.0,Home Office,Late,1,1.0,1,0
ORD10977,2026-07-28,2026-07-31,standard,0.24703177943433785,5,-0.838442120949606,0.8713372039440755,-0.0725436027389064,0.77,Medium,500.0,Consumer,On Time,0,3.0,0,0
ORD10978,2026-07-16,2026-07-20,standard,-0.22440291414264277,3,1.0340892461768172,1.0565678279312796,-0.0797130072854578,3.98,High,750.0,Consumer,Late,1,4.0,1,0
ORD10979,2026-04-05,2026-04-06,first_class,0.24703177943433785,5,1.5175707057217545,0.35680769286850766,-0.038278655311114615,4.75,Low,1500.0,Consumer,On Time,0,1.0,0,0
ORD10980,2026-05-13,2026-05-14,second_class,1.189901166588299,6,-1.269908820296587,-0.32442937979554426,-0.05669137983689468,0.35,Low,1500.0,Home Office,Late,1,1.0,1,0
ORD10981,2026-04-12,2026-04-16,first_class,-1.167272301296604,2,0.863549048806469,-0.017769791194505967,-0.06733105082996119,3.79,Low,1500.0,Consumer,On Time,0,4.0,0,0
ORD10982,2026-01-03,,standard,-0.6958376077196234,3,0.7492871165683357,0.45148112290641196,-0.08077153868299332,2.79,Low,1500.0,Corporate,On Time,0,,0,0
ORD10983,2026-06-30,2026-07-02,standard,-1.167272301296604,2,-0.38139439199707287,-0.7339948706116963,-0.034118913008366905,1.74,Low,1500.0,Corporate,On Time,0,2.0,0,0
ORD10984,2026-01-23,2026-01-26,standard,-0.6958376077196234,1,-0.1912420719291346,-0.6413795586180941,0.021190782960698686,0.78,High,500.0,Home Office,Late,1,3.0,2,1
ORD10985,2026-08-17,2026-08-21,second_class,-0.6958376077196234,2,1.8288065659226398,-0.10626886709950358,-0.03939440462203043,5.54,Medium,1500.0,Consumer,Late,1,4.0,1,0
ORD10986,2026-02-22,2026-02-25,first_class,-1.167272301296604,1,-1.3730856397056477,-0.7586922871433236,-0.0842160570684873,0.15,Medium,1500.0,Corporate,Late,1,3.0,1,0
ORD10987,2026-06-14,2026-06-15,second_class,-1.167272301296604,1,-0.8503799347655303,-0.7381111067003009,-0.04990533530999127,0.75,Low,750.0,Home Office,Late,1,1.0,1,0
ORD10988,2026-07-21,2026-07-22,standard,-1.167272301296604,2,0.5813050221585429,-0.06922274230206275,-0.08316896925362782,3.2,Low,1500.0,Corporate,On Time,0,1.0,0,0
ORD10989,2026-07-21,2026-07-24,standard,-0.22440291414264277,3,-1.2707615212834387,0.8384073152352391,-0.09270147362278557,0.28,High,1000.0,Consumer,Late,1,3.0,1,0
ORD10990,2026-03-24,2026-03-26,second_class,0.7184664730113185,6,-0.48712931436668877,0.7848962460833798,-0.0904070352962356,1.37,Medium,500.0,Home Office,On Time,0,2.0,0,0
ORD10991,2026-05-25,2026-05-28,second_class,0.7184664730113185,5,-0.1912420719291346,-0.2482790121563604,-0.08238794473598675,1.67,Medium,500.0,Corporate,Late,1,3.0,1,0
ORD10992,2026-03-26,2026-03-30,standard,0.24703177943433785,5,1.416951989273249,-0.3758823309031011,-0.07242916691214579,3.61,Medium,500.0,Home Office,On Time,0,4.0,0,0
ORD10993,2026-03-19,2026-03-21,first_class,0.7184664730113185,6,0.5881266300533566,1.3467624721779,0.04108831233869749,3.18,Low,1000.0,Corporate,On Time,0,2.0,0,1
ORD10994,2026-07-20,2026-07-23,standard,1.189901166588299,7,0.6895980474887139,0.2785992071850212,-0.0901981899123975,2.57,Medium,1500.0,Corporate,On Time,0,3.0,0,0
ORD10995,2026-04-20,2026-04-23,second_class,1.6613358601652797,7,-1.2511493985858486,-1.0694681118329665,-0.021559581021391373,0.42,Low,500.0,Consumer,Late,1,3.0,1,0
ORD10996,2026-01-01,2026-01-03,second_class,-1.167272301296604,1,-0.45984288278743307,-0.9377485569976213,-0.08163839007070484,1.13,High,1000.0,Consumer,Late,1,2.0,1,0
ORD10997,2026-02-20,2026-02-23,second_class,-1.167272301296604,1,0.22913951458877385,0.3938538176659485,-0.09950182262803405,2.79,Low,750.0,Corporate,Late,1,3.0,1,0
ORD10998,2026-06-22,2026-06-26,first_class,-0.6958376077196234,3,1.1091269330197706,0.7190364686657074,-0.0849083938203889,3.29,Medium,1500.0,Home Office,On Time,0,4.0,0,0
ORD10999,2026-07-24,2026-07-25,standard,0.24703177943433785,4,-1.124949652531791,-1.260873089953078,-0.030408331325654542,0.42,Low,1000.0,Home Office,Late,1,1.0,1,0
ORD11000,2026-01-04,2026-01-08,first_class,-1.167272301296604,2,-0.5101522410116858,-0.39440539330182167,-0.06570034029862268,1.66,Medium,1500.0,Consumer,On Time,0,4.0,0,0
