order_id,order_date,shipping_date,shipping_mode,delivery_days_actual,delivery_days_scheduled,distance_km,order_weight_kg,order_value,fuel_used_l,traffic_level,vehicle_capacity_kg,customer_segment,delivery_status,late_delivery_risk,actual_lead_days,shipping_delay_days,order_value_iqr_outlier
ORD10001,2026-04-13,2026-04-15,same_day,6,6,3.0,19.29,54.88,0.33,Low,1500.0,Consumer,On Time,0,2.0,0,0
ORD10002,2026-06-29,2026-06-30,first_class,1,1,16.96,3.14,189.06,2.38,Medium,750.0,Home Office,On Time,0,1.0,0,0
ORD10003,2026-04-03,2026-04-07,first_class,2,1,55.12,8.94,159.57,5.68,Low,500.0,Home Office,Late,1,4.0,1,0
ORD10004,2026-01-15,2026-01-16,same_day,2,2,8.77,10.88,57.92,1.02,High,750.0,Consumer,On Time,0,1.0,0,0
ORD10005,2026-04-17,2026-04-21,first_class,4,4,1.38,9.0,117.89,0.16,Medium,750.0,Consumer,On Time,0,4.0,0,0
ORD10006,2026-03-13,2026-03-17,standard,8,7,7.24,11.92,68.58,0.69,Medium,500.0,Consumer,Late,1,4.0,1,0
ORD10007,2026-07-08,2026-07-10,standard,7,7,14.19,0.95,75.89,1.6,Medium,1500.0,Consumer,On Time,0,2.0,0,0
ORD10008,2026-01-21,2026-01-22,second_class,3,2,12.98,9.22,86.47,1.83,High,1000.0,Consumer,Late,1,1.0,1,0
ORD10009,2026-04-13,2026-04-17,second_class,2,2,6.67,5.01,56.12,0.84,Low,500.0,Corporate,On Time,0,4.0,0,0
ORD10010,2026-05-02,2026-05-03,standard,2,2,7.41,5.67,64.23,0.83,Medium,1500.0,Consumer,On Time,0,1.0,0,0
ORD10011,2026-07-30,2026-08-01,standard,7,6,15.44,6.98,65.61,1.78,Medium,750.0,Corporate,Late,1,2.0,1,0
ORD10012,2026-08-03,2026-08-05,same_day,7,6,9.04,8.31,150.98,0.87,Medium,500.0,Home Office,Late,1,2.0,1,0
ORD10013,2026-03-16,2026-03-18,standard,3,3,27.21,4.96,13.73,2.97,Medium,1000.0,Consumer,On Time,0,2.0,0,0
ORD10014,2026-07-22,2026-07-24,standard,3,3,15.33,5.86,92.69,1.57,Medium,1000.0,Consumer,On Time,0,2.0,0,0
ORD10015,2026-03-29,2026-04-01,standard,2,2,30.54,1.1,48.63,3.44,Low,750.0,Consumer,On Time,0,3.0,0,0
ORD10016,2026-04-27,2026-05-01,second_class,4,4,16.43,1.38,49.97,1.88,High,500.0,Home Office,On Time,0,4.0,0,0
ORD10017,2026-04-10,2026-04-13,standard,1,1,11.17,10.81,74.13,1.27,Low,1000.0,Corporate,On Time,0,3.0,0,0
ORD10018,2026-04-14,2026-04-16,second_class,6,6,21.74,12.88,108.77,2.52,Medium,500.0,Corporate,On Time,0,2.0,0,0
ORD10019,2026-06-01,2026-06-05,standard,5,4,5.45,12.01,93.62,0.6,Low,1000.0,Consumer,Late,1,4.0,1,0
ORD10020,2026-05-11,2026-05-15,second_class,6,5,8.2,6.78,49.5,1.02,Low,750.0,Consumer,Late,1,4.0,1,0
ORD10021,2026-05-30,2026-05-31,second_class,6,6,6.91,15.72,188.91,0.65,Low,750.0,Consumer,On Time,0,1.0,0,0
ORD10022,2026-02-22,2026-02-24,standard,6,6,22.42,5.95,55.87,2.69,Medium,500.0,Consumer,On Time,0,2.0,0,0
ORD10023,2026-01-02,2026-01-05,first_class,3,3,29.43,12.66,63.37,3.88,Medium,1500.0,Home Office,On Time,0,3.0,0,0
ORD10024,2026-03-29,2026-03-30,standard,1,1,13.92,5.75,136.1,1.88,Low,1500.0,Consumer,On Time,0,1.0,0,0
ORD10025,2026-08-24,2026-08-28,standard,2,1,17.59,9.32,139.81,2.49,Low,750.0,Home Office,Late,1,4.0,1,0
ORD10026,2026-06-07,2026-06-10,second_class,8,7,13.33,5.86,69.49,1.53,High,1000.0,Consumer,Late,1,3.0,1,0
ORD10027,2026-02-07,2026-02-09,standard,8,7,7.71,6.79,12.16,0.99,Low,1500.0,Corporate,Late,1,2.0,1,0
ORD10028,2026-05-10,2026-05-13,second_class,8,7,26.48,9.31,56.59,3.74,High,750.0,Corporate,Late,1,3.0,1,0
ORD10029,2026-07-11,2026-07-14,standard,7,7,23.26,16.54,124.14,2.56,Low,1000.0,Consumer,On Time,0,3.0,0,0
ORD10030,2026-07-07,2026-07-10,standard,5,5,2.33,7.59,184.28,0.24,Medium,1000.0,Consumer,On Time,0,3.0,0,0
ORD10031,2026-01-21,2026-01-22,standard,6,5,11.05,1.67,103.6,1.5,Low,1500.0,Home Office,Late,1,1.0,1,0
ORD10032,2026-06-10,2026-06-14,first_class,6,6,8.74,22.9,76.77,0.99,High,750.0,Consumer,On Time,0,4.0,0,0
ORD10033,2026-07-23,2026-07-26,standard,3,2,11.41,5.06,613.95,1.14,Medium,1000.0,Consumer,Late,1,3.0,1,1
ORD10034,2026-02-27,2026-03-03,second_class,4,3,30.6,1.77,83.15,2.8,Medium,1000.0,Consumer,Late,1,4.0,1,0
ORD10035,2026-01-22,2026-01-23,standard,4,3,9.65,7.0,174.02,1.0,unknown,500.0,Corporate,Late,1,1.0,1,0
ORD10036,2026-08-24,2026-08-26,standard,7,7,20.98,9.71,40.4,2.63,Medium,500.0,Home Office,On Time,0,2.0,0,0
ORD10037,2026-03-30,2026-04-01,second_class,6,6,20.96,12.99,48.54,2.12,Medium,1500.0,Corporate,On Time,0,2.0,0,0
ORD10038,2026-02-18,2026-02-21,second_class,5,4,9.26,7.3,178.66,0.99,Low,500.0,Home Office,Late,1,3.0,1,0
ORD10039,2026-08-07,2026-08-08,standard,3,2,9.4,4.14,240.67,1.2,Low,750.0,Corporate,Late,1,1.0,1,0
ORD10040,2026-02-28,2026-03-02,first_class,7,6,47.07,7.03,82.08,4.52,High,1500.0,Consumer,Late,1,2.0,1,0
ORD10041,2026-06-19,2026-06-20,standard,4,2,9.06,6.82,27.48,1.04,Low,1500.0,Corporate,Late,1,1.0,2,0
ORD10042,2026-08-08,2026-08-09,second_class,1,2,13.17,9.85,96.96,1.21,Medium,500.0,Corporate,On Time,0,1.0,-1,0
ORD10043,2026-07-07,2026-07-10,second_class,2,2,9.55,6.02,126.73,0.97,Medium,1000.0,Home Office,On Time,0,3.0,0,0
ORD10044,2026-07-27,2026-07-30,second_class,6,6,24.44,26.76,118.41,2.55,High,750.0,Home Office,On Time,0,3.0,0,0
ORD10045,2026-01-15,2026-01-16,second_class,7,7,15.42,13.21,72.06,2.38,High,750.0,Corporate,On Time,0,1.0,0,0
ORD10046,2026-07-09,2026-07-10,standard,4,3,14.41,3.84,98.04,1.62,High,750.0,Home Office,Late,1,1.0,1,0
ORD10047,2026-07-09,2026-07-12,second_class,5,3,34.1,3.51,62.66,3.78,Low,1500.0,Home Office,Late,1,3.0,2,0
ORD10048,2026-06-24,2026-06-25,first_class,7,7,16.14,3.4,47.76,1.55,High,750.0,Home Office,On Time,0,1.0,0,0
ORD10049,2026-07-09,2026-07-12,standard,1,2,8.34,8.88,193.79,0.86,Low,1000.0,Home Office,On Time,0,3.0,-1,0
ORD10050,2026-02-20,2026-02-24,standard,4,4,24.44,6.57,118.31,2.31,Medium,1000.0,Home Office,On Time,0,4.0,0,0
ORD10051,2026-04-18,2026-04-19,same_day,2,1,20.15,2.86,98.2,1.91,Medium,500.0,Corporate,Late,1,1.0,1,0
ORD10052,2026-02-24,2026-02-27,second_class,6,6,17.75,0.73,75.16,1.63,Low,750.0,Home Office,On Time,0,3.0,0,0
ORD10053,2026-03-05,2026-03-06,standard,1,1,11.48,4.49,96.05,1.17,High,1500.0,Consumer,On Time,0,1.0,0,0
ORD10054,2026-05-11,2026-05-14,second_class,7,7,39.07,9.33,123.99,4.34,Low,500.0,Corporate,On Time,0,3.0,0,0
ORD10055,2026-08-17,2026-08-18,second_class,4,4,27.78,1.93,402.02,3.62,Medium,1000.0,Corporate,On Time,0,1.0,0,1
ORD10056,2026-02-20,2026-02-22,standard,7,6,26.44,4.57,179.63,2.69,Medium,750.0,Corporate,Late,1,2.0,1,0
ORD10057,2026-05-15,2026-05-17,standard,7,7,21.13,13.36,66.7,2.59,Medium,1000.0,Home Office,On Time,0,2.0,0,0
ORD10058,2026-01-21,2026-01-22,second_class,2,2,42.74,0.24,67.23,5.26,Low,500.0,Consumer,On Time,0,1.0,0,0
ORD10059,2026-03-14,2026-03-16,standard,3,3,10.81,4.16,59.81,1.36,Medium,1000.0,Home Office,On Time,0,2.0,0,0
ORD10060,2026-06-16,2026-06-17,standard,1,1,10.26,3.91,94.6,0.98,High,750.0,Corporate,On Time,0,1.0,0,0
ORD10061,2026-01-18,2026-01-19,second_class,6,5,40.7,1.49,59.78,3.89,Low,750.0,Corporate,Late,1,1.0,1,0
ORD10062,2026-05-12,2026-05-16,same_day,5,5,21.28,1.71,156.98,2.23,Medium,500.0,Corporate,On Time,0,4.0,0,0
ORD10063,2026-03-30,2026-04-03,second_class,4,4,12.3,10.59,15.14,1.38,Low,750.0,Corporate,On Time,0,4.0,0,0
ORD10064,2026-03-01,2026-03-03,second_class,3,2,40.95,15.58,164.25,4.23,Medium,1000.0,Home Office,Late,1,2.0,1,0
ORD10065,2026-01-14,2026-01-18,standard,1,1,38.08,3.19,135.17,4.04,High,1000.0,Consumer,On Time,0,4.0,0,0
ORD10066,2026-01-09,2026-01-13,standard,3,2,9.5,11.68,283.46,1.1,Medium,1500.0,Consumer,Late,1,4.0,1,0
ORD10067,2026-03-31,2026-04-01,first_class,1,1,10.41,6.38,212.21,1.22,Medium,1500.0,Corporate,On Time,0,1.0,0,0
ORD10068,2026-02-22,2026-02-25,standard,4,4,48.36,5.39,65.84,5.67,Medium,1500.0,Consumer,On Time,0,3.0,0,0
ORD10069,2026-05-10,2026-05-11,second_class,5,4,48.3,15.98,195.04,5.16,Medium,1000.0,Corporate,Late,1,1.0,1,0
ORD10070,2026-03-25,2026-03-29,standard,6,5,11.11,3.06,96.93,1.16,Low,1000.0,Corporate,Late,1,4.0,1,0
ORD10071,2026-04-02,2026-04-03,standard,3,2,27.12,3.72,25.77,3.08,Low,500.0,Consumer,Late,1,1.0,1,0
ORD10072,2026-04-21,2026-04-23,standard,5,6,33.65,2.19,123.86,3.09,Medium,1500.0,Corporate,On Time,0,2.0,-1,0
ORD10073,2026-07-07,2026-07-10,same_day,5,5,17.93,8.92,68.84,2.44,Medium,1000.0,Consumer,On Time,0,3.0,0,0
ORD10074,2026-07-18,2026-07-22,standard,2,2,20.67,15.72,109.97,2.46,Medium,500.0,Corporate,On Time,0,4.0,0,0
ORD10075,2026-06-21,2026-06-25,standard,5,5,16.78,7.6,379.4,1.93,Low,1000.0,Consumer,On Time,0,4.0,0,1
ORD10076,2026-01-08,2026-01-09,standard,7,6,7.02,20.21,130.14,0.99,Medium,500.0,Corporate,Late,1,1.0,1,0
ORD10077,2026-06-24,2026-06-25,second_class,2,3,9.21,12.28,51.26,1.09,Low,1500.0,Consumer,On Time,0,1.0,-1,0
ORD10078,2026-02-04,2026-02-05,standard,3,3,5.58,13.82,226.63,0.69,High,1500.0,Corporate,On Time,0,1.0,0,0
ORD10079,2026-07-25,2026-07-26,standard,4,3,15.63,7.69,144.3,1.73,unknown,1500.0,Corporate,Late,1,1.0,1,0
ORD10080,2026-03-22,2026-03-26,standard,3,3,15.42,3.18,46.93,0.95,Low,1000.0,Corporate,On Time,0,4.0,0,0
ORD10081,2026-06-13,2026-06-14,second_class,8,7,10.35,6.03,32.96,1.04,Low,1000.0,Consumer,Late,1,1.0,1,0
ORD10082,2026-02-19,2026-02-23,standard,1,1,30.04,14.26,52.83,3.32,High,500.0,Home Office,On Time,0,4.0,0,0
ORD10083,2026-04-14,2026-04-15,standard,7,7,22.96,4.72,205.87,3.05,Low,750.0,Corporate,On Time,0,1.0,0,0
ORD10084,2026-05-12,2026-05-15,standard,9,7,6.59,11.64,87.69,0.66,High,750.0,Corporate,Late,1,3.0,2,0
ORD10085,2026-01-02,2026-01-05,first_class,7,7,19.12,2.7,116.85,2.58,Low,1500.0,Consumer,On Time,0,3.0,0,0
ORD10086,2026-05-14,2026-05-15,second_class,3,3,16.43,11.35,40.29,1.59,High,750.0,Corporate,On Time,0,1.0,0,0
ORD10087,2026-02-23,2026-02-24,first_class,7,6,42.32,6.95,210.06,3.95,High,1500.0,Corporate,Late,1,1.0,1,0
ORD10088,2026-04-16,2026-04-18,same_day,6,4,35.73,4.9,24.25,4.31,Medium,500.0,Corporate,Late,1,2.0,2,0
ORD10089,2026-01-04,2026-01-07,same_day,6,4,33.47,6.85,67.25,3.13,Low,750.0,Corporate,Late,1,3.0,2,0
ORD10090,2026-02-23,2026-02-27,standard,2,1,21.92,10.44,150.48,2.15,Low,750.0,Home Office,Late,1,4.0,1,0
ORD10091,2026-08-09,,second_class,2,3,23.24,13.47,47.37,2.17,Medium,1500.0,Home Office,On Time,0,,-1,0
ORD10092,2026-07-10,2026-07-14,second_class,4,3,48.63,3.64,174.27,5.03,Medium,500.0,Corporate,Late,1,4.0,1,0
ORD10093,2026-05-26,2026-05-27,second_class,4,3,9.45,4.56,57.29,1.19,Low,750.0,Corporate,Late,1,1.0,1,0
ORD10094,2026-08-06,2026-08-09,standard,5,5,14.67,5.95,43.84,1.39,unknown,750.0,Corporate,On Time,0,3.0,0,0
ORD10095,2026-02-13,2026-02-16,first_class,3,2,23.23,25.74,288.55,3.0,Medium,750.0,Home Office,Late,1,3.0,1,0
ORD10096,2026-06-11,2026-06-13,standard,5,5,39.45,23.24,123.4,5.02,Medium,500.0,Home Office,On Time,0,2.0,0,0
ORD10097,2026-07-21,2026-07-23,second_class,1,2,3.56,14.3,162.27,0.44,Low,500.0,Consumer,On Time,0,2.0,-1,0
ORD10098,2026-07-09,2026-07-12,standard,4,3,29.68,17.02,235.96,3.61,Low,750.0,Consumer,Late,1,3.0,1,0
ORD10099,2026-08-16,2026-08-19,standard,3,3,12.99,3.01,15.42,1.43,High,1500.0,Corporate,On Time,0,3.0,0,0
ORD10100,2026-01-14,2026-01-17,standard,5,5,29.48,2.7,176.99,2.99,Medium,1500.0,Corporate,On Time,0,3.0,0,0
ORD10101,2026-04-05,2026-04-09,standard,5,5,21.17,2.38,62.13,1.98,Medium,750.0,Home Office,On Time,0,4.0,0,0
ORD10102,2026-02-17,2026-02-18,first_class,3,2,2.01,2.96,68.58,0.27,Medium,500.0,Corporate,Late,1,1.0,1,0
ORD10103,2026-01-15,2026-01-17,standard,4,4,4.41,9.61,152.64,0.41,Low,750.0,Corporate,On Time,0,2.0,0,0
ORD10104,2026-07-19,2026-07-20,standard,2,2,10.33,6.69,83.74,0.97,Low,500.0,Home Office,On Time,0,1.0,0,0
ORD10105,2026-07-25,2026-07-27,same_day,6,5,11.55,10.68,171.72,1.6,Low,750.0,Home Office,Late,1,2.0,1,0
ORD10106,2026-08-03,2026-08-05,standard,7,6,19.12,15.74,106.63,2.27,High,500.0,Home Office,Late,1,2.0,1,0
ORD10107,2026-07-09,2026-07-11,second_class,5,5,19.53,7.61,124.73,1.9,Medium,1000.0,Home Office,On Time,0,2.0,0,0
ORD10108,2026-02-09,2026-02-12,standard,7,6,29.28,6.63,76.12,3.1,Low,1500.0,Consumer,Late,1,3.0,1,0
ORD10109,2026-08-01,2026-08-03,standard,2,1,81.07,20.59,49.47,8.01,High,1000.0,Home Office,Late,1,2.0,1,0
ORD10110,2026-07-27,2026-07-28,second_class,6,5,19.06,4.65,63.1,1.93,Low,1500.0,Home Office,Late,1,1.0,1,0
ORD10111,2026-08-25,2026-08-27,second_class,1,1,14.05,1.88,101.79,1.56,High,500.0,Corporate,On Time,0,2.0,0,0
ORD10112,2026-03-23,2026-03-24,standard,5,4,11.21,9.31,436.12,1.56,High,1000.0,Corporate,Late,1,1.0,1,1
ORD10113,2026-04-21,2026-04-23,same_day,2,2,22.5,4.09,331.6,2.41,Low,1500.0,Corporate,On Time,0,2.0,0,0
ORD10114,2026-02-22,2026-02-24,same_day,5,6,31.07,7.37,67.36,4.32,Low,750.0,Consumer,On Time,0,2.0,-1,0
ORD10115,2026-01-24,2026-01-27,same_day,2,2,4.87,2.98,115.03,0.52,Medium,500.0,Home Office,On Time,0,3.0,0,0
ORD10116,2026-06-03,2026-06-04,standard,2,1,3.6,9.56,88.61,0.35,Medium,500.0,Home Office,Late,1,1.0,1,0
ORD10117,2026-08-05,2026-08-07,standard,6,6,24.71,6.45,121.23,2.65,Medium,750.0,Consumer,On Time,0,2.0,0,0
ORD10118,2026-07-07,2026-07-09,first_class,2,2,8.39,6.23,133.51,0.76,High,750.0,Home Office,On Time,0,2.0,0,0
ORD10119,2026-05-04,2026-05-05,second_class,6,5,4.33,10.79,163.31,0.49,Medium,1500.0,Corporate,Late,1,1.0,1,0
ORD10120,2026-08-25,2026-08-27,standard,4,3,36.94,16.07,12.48,3.7,Low,500.0,Consumer,Late,1,2.0,1,0
ORD10121,2026-02-10,2026-02-14,second_class,2,1,13.79,19.44,144.73,1.43,Low,1500.0,Home Office,Late,1,4.0,1,0
ORD10122,2026-06-06,2026-06-09,standard,2,2,8.25,10.67,81.52,0.75,Medium,750.0,Consumer,On Time,0,3.0,0,0
ORD10123,2026-01-15,2026-01-16,standard,1,1,38.93,6.79,64.8,3.95,Low,500.0,Consumer,On Time,0,1.0,0,0
ORD10124,2026-02-14,2026-02-17,standard,8,7,44.61,6.86,199.48,5.83,Medium,750.0,Home Office,Late,1,3.0,1,0
ORD10125,2026-03-06,2026-03-10,second_class,1,1,4.63,12.51,330.34,0.43,Low,1500.0,Corporate,On Time,0,4.0,0,0
ORD10126,2026-03-30,2026-04-03,standard,7,6,30.0,2.86,184.33,3.1,Low,1500.0,Home Office,Late,1,4.0,1,0
ORD10127,2026-03-12,2026-03-16,second_class,7,7,15.12,3.47,74.52,2.09,Low,1500.0,Home Office,On Time,0,4.0,0,0
ORD10128,2026-01-09,2026-01-10,first_class,7,6,13.93,1.12,49.06,1.45,Medium,500.0,Corporate,Late,1,1.0,1,0
ORD10129,2026-03-29,2026-04-02,second_class,3,3,8.02,13.17,11.53,0.76,Low,750.0,Home Office,On Time,0,4.0,0,0
ORD10130,2026-05-09,2026-05-10,same_day,7,7,8.07,17.41,126.08,0.87,Medium,750.0,Home Office,On Time,0,1.0,0,0
ORD10131,2026-08-24,2026-08-25,second_class,6,5,9.36,10.74,169.74,1.11,Medium,1500.0,Home Office,Late,1,1.0,1,0
ORD10132,2026-05-16,2026-05-18,same_day,1,1,2.15,1.35,101.86,0.21,Medium,1500.0,Consumer,On Time,0,2.0,0,0
ORD10133,2026-08-04,2026-08-05,standard,2,2,4.96,9.46,221.47,0.49,Medium,1500.0,Consumer,On Time,0,1.0,0,0
ORD10134,2026-03-04,2026-03-08,standard,5,4,4.77,4.79,40.85,0.52,Low,1500.0,Consumer,Late,1,4.0,1,0
ORD10135,2026-05-19,2026-05-20,standard,1,1,3.75,8.23,96.7,0.49,Medium,1000.0,Home Office,On Time,0,1.0,0,0
ORD10136,2026-03-22,2026-03-23,standard,1,1,37.95,19.8,91.13,4.74,Low,1000.0,Corporate,On Time,0,1.0,0,0
ORD10137,2026-05-16,2026-05-19,second_class,3,3,16.96,3.32,101.23,1.7,Medium,1000.0,Consumer,On Time,0,3.0,0,0
ORD10138,2026-06-12,2026-06-16,standard,5,5,16.92,10.79,264.0,1.65,Low,1500.0,Corporate,On Time,0,4.0,0,0
ORD10139,2026-06-12,2026-06-13,first_class,3,4,30.29,5.92,101.63,3.73,Medium,1500.0,Home Office,On Time,0,1.0,-1,0
ORD10140,2026-02-02,2026-02-04,first_class,8,7,5.08,6.93,88.14,0.6,High,750.0,Consumer,Late,1,2.0,1,0
ORD10141,2026-05-03,2026-05-04,first_class,8,7,22.92,1.54,54.46,3.14,Medium,500.0,Home Office,Late,1,1.0,1,0
ORD10142,2026-01-05,2026-01-06,standard,7,7,17.12,4.91,297.8,1.74,Medium,750.0,Corporate,On Time,0,1.0,0,0
ORD10143,2026-08-22,2026-08-25,second_class,6,6,7.13,2.34,37.58,1.02,Medium,1000.0,Consumer,On Time,0,3.0,0,0
ORD10144,2026-08-19,2026-08-23,standard,7,6,48.51,11.2,72.62,6.75,Low,750.0,Consumer,Late,1,4.0,1,0
ORD10145,2026-02-10,2026-02-14,standard,4,2,12.72,7.11,391.68,1.81,High,1500.0,Consumer,Late,1,4.0,2,1
ORD10146,2026-01-28,2026-01-30,first_class,4,4,15.69,9.76,156.21,1.64,Low,1000.0,Consumer,On Time,0,2.0,0,0
ORD10147,2026-05-15,2026-05-17,second_class,8,7,19.75,3.36,108.3,2.28,High,1000.0,Corporate,Late,1,2.0,1,0
ORD10148,2026-07-20,2026-07-22,standard,7,6,20.12,4.4,111.75,2.46,Medium,500.0,Consumer,Late,1,2.0,1,0
ORD10149,2026-03-13,2026-03-14,second_class,2,2,1.76,12.4,54.07,0.17,Medium,500.0,Home Office,On Time,0,1.0,0,0
ORD10150,2026-01-12,2026-01-13,standard,5,5,8.27,5.33,104.44,1.06,Medium,1000.0,Consumer,On Time,0,1.0,0,0
ORD10151,2026-06-11,2026-06-13,standard,2,2,21.17,4.27,84.57,2.47,Medium,1000.0,Corporate,On Time,0,2.0,0,0
ORD10152,2026-02-02,2026-02-06,standard,7,6,10.46,11.29,125.8,0.97,Medium,750.0,Consumer,Late,1,4.0,1,0
ORD10153,2026-02-17,2026-02-21,first_class,4,3,9.34,3.43,35.53,1.07,Low,1000.0,Corporate,Late,1,4.0,1,0
ORD10154,2026-05-31,2026-06-02,second_class,4,3,13.84,4.5,148.17,1.5,Medium,1500.0,Corporate,Late,1,2.0,1,0
ORD10155,2026-03-03,2026-03-06,standard,7,7,14.64,6.52,235.68,2.0,Medium,750.0,Home Office,On Time,0,3.0,0,0
ORD10156,2026-08-04,2026-08-08,standard,4,3,19.4,9.09,94.36,1.91,High,1500.0,Consumer,Late,1,4.0,1,0
ORD10157,2026-02-06,2026-02-10,second_class,8,7,21.19,5.58,178.63,2.44,Medium,1500.0,Consumer,Late,1,4.0,1,0
ORD10158,2026-04-09,2026-04-11,standard,8,7,17.0,1.71,138.76,1.67,Low,1500.0,Consumer,Late,1,2.0,1,0
ORD10159,2026-06-21,2026-06-25,standard,5,6,24.75,10.09,69.7,3.09,Low,1000.0,Home Office,On Time,0,4.0,-1,0
ORD10160,2026-04-14,2026-04-15,second_class,4,3,26.11,14.49,49.71,3.0,Medium,500.0,Home Office,Late,1,1.0,1,0
ORD10161,2026-08-02,2026-08-03,standard,6,7,44.86,4.17,55.21,4.42,Low,500.0,Corporate,On Time,0,1.0,-1,0
ORD10162,2026-08-07,2026-08-11,second_class,5,4,3.33,5.26,136.96,0.31,Low,1500.0,Corporate,Late,1,4.0,1,0
ORD10163,2026-02-04,2026-02-05,standard,6,5,27.6,2.61,105.41,3.81,High,1000.0,Corporate,Late,1,1.0,1,0
ORD10164,2026-07-12,2026-07-15,second_class,2,2,11.57,6.73,286.09,1.13,Medium,750.0,Home Office,On Time,0,3.0,0,0
ORD10165,2026-08-15,2026-08-19,standard,3,2,17.3,3.08,198.97,2.11,Medium,1500.0,Home Office,Late,1,4.0,1,0
ORD10166,2026-04-11,2026-04-13,second_class,6,6,32.69,17.02,198.66,3.55,Low,750.0,Home Office,On Time,0,2.0,0,0
ORD10167,2026-06-24,2026-06-25,standard,4,3,23.88,5.05,133.93,2.93,Medium,750.0,Corporate,Late,1,1.0,1,0
ORD10168,2026-07-25,2026-07-28,second_class,3,3,25.34,4.55,53.43,2.68,Low,1000.0,Home Office,On Time,0,3.0,0,0
ORD10169,2026-05-11,2026-05-14,first_class,8,7,11.05,4.94,140.33,1.31,Medium,1000.0,Corporate,Late,1,3.0,1,0
ORD10170,2026-01-01,2026-01-02,standard,2,1,4.55,3.39,115.34,0.55,Low,500.0,Corporate,Late,1,1.0,1,0
ORD10171,2026-01-05,2026-01-08,standard,7,7,31.62,7.42,46.82,4.42,High,500.0,Consumer,On Time,0,3.0,0,0
ORD10172,2026-08-06,2026-08-10,second_class,5,5,1.95,4.88,272.45,0.26,Medium,1000.0,Consumer,On Time,0,4.0,0,0
ORD10173,2026-05-22,2026-05-25,same_day,4,4,29.97,11.54,251.32,2.81,Medium,1500.0,Consumer,On Time,0,3.0,0,0
ORD10174,2026-04-13,2026-04-14,standard,2,2,1.6,7.39,46.61,0.15,Medium,500.0,Corporate,On Time,0,1.0,0,0
ORD10175,2026-01-27,2026-01-30,standard,8,7,43.8,9.46,68.15,4.33,Medium,750.0,Consumer,Late,1,3.0,1,0
ORD10176,2026-05-17,2026-05-18,second_class,2,1,20.43,10.18,72.79,2.51,Low,1500.0,Consumer,Late,1,1.0,1,0
ORD10177,2026-07-26,2026-07-27,standard,2,1,6.15,14.46,173.71,0.71,Medium,750.0,Consumer,Late,1,1.0,1,0
ORD10178,2026-01-15,2026-01-18,same_day,8,7,22.82,4.37,159.34,2.29,Low,1000.0,Home Office,Late,1,3.0,1,0
ORD10179,2026-03-31,2026-04-01,first_class,6,6,15.58,3.6,113.67,1.43,High,750.0,Corporate,On Time,0,1.0,0,0
ORD10180,2026-02-11,2026-02-12,second_class,3,2,15.93,4.13,135.02,1.81,High,1500.0,Consumer,Late,1,1.0,1,0
ORD10181,2026-05-04,2026-05-06,standard,7,6,5.38,6.42,41.86,0.52,Low,1000.0,Home Office,Late,1,2.0,1,0
ORD10182,2026-07-24,2026-07-28,standard,4,4,15.42,7.92,146.35,2.67,High,1500.0,Home Office,On Time,0,4.0,0,0
ORD10183,2026-06-28,2026-06-29,second_class,1,1,1.52,2.92,101.94,0.14,Medium,750.0,Home Office,On Time,0,1.0,0,0
ORD10184,2026-03-04,2026-03-08,same_day,1,1,34.48,3.89,66.07,4.36,Low,1500.0,Consumer,On Time,0,4.0,0,0
ORD10185,2026-04-06,2026-04-08,same_day,6,5,15.9,7.94,34.83,2.26,High,1000.0,Home Office,Late,1,2.0,1,0
ORD10186,2026-08-19,2026-08-21,standard,5,4,5.36,7.21,112.19,0.6,Medium,750.0,Corporate,Late,1,2.0,1,0
ORD10187,2026-02-21,2026-02-23,standard,2,1,38.69,4.62,143.7,4.24,Medium,750.0,Home Office,Late,1,2.0,1,0
ORD10188,2026-04-06,2026-04-08,standard,4,4,10.39,1.73,30.67,1.33,Medium,500.0,Home Office,On Time,0,2.0,0,0
ORD10189,2026-05-12,2026-05-16,second_class,4,2,10.73,5.95,111.48,1.32,Low,500.0,Home Office,Late,1,4.0,2,0
ORD10190,2026-08-10,2026-08-13,standard,3,3,21.4,9.92,120.5,2.13,High,1500.0,Home Office,On Time,0,3.0,0,0
ORD10191,2026-08-17,2026-08-20,standard,2,1,17.31,9.59,72.55,1.95,Low,500.0,Corporate,Late,1,3.0,1,0
ORD10192,2026-05-31,2026-06-04,standard,4,5,17.89,5.21,146.19,2.16,Low,500.0,Consumer,On Time,0,4.0,-1,0
ORD10193,2026-08-19,2026-08-20,standard,2,2,10.28,3.03,99.53,1.08,Medium,500.0,Corporate,On Time,0,1.0,0,0
ORD10194,2026-08-25,2026-08-29,same_day,8,7,15.96,2.16,135.96,1.66,Medium,500.0,Corporate,Late,1,4.0,1,0
ORD10195,2026-05-23,2026-05-24,first_class,6,4,34.4,2.85,164.13,3.41,Medium,1000.0,Consumer,Late,1,1.0,2,0
ORD10196,2026-06-20,2026-06-21,standard,7,7,9.77,8.62,164.2,1.28,Low,1000.0,Home Office,On Time,0,1.0,0,0
ORD10197,2026-01-29,2026-02-01,standard,5,6,21.28,4.93,235.71,2.14,Low,500.0,Consumer,On Time,0,3.0,-1,0
ORD10198,2026-02-05,2026-02-07,standard,2,2,7.63,6.18,141.7,0.81,Low,1500.0,Consumer,On Time,0,2.0,0,0
ORD10199,2026-01-13,2026-01-16,standard,6,7,13.35,1.16,76.88,1.85,High,1000.0,Corporate,On Time,0,3.0,-1,0
ORD10200,2026-06-09,2026-06-12,standard,1,1,6.44,11.85,67.64,0.64,Low,500.0,Consumer,On Time,0,3.0,0,0
ORD10201,2026-03-12,2026-03-16,second_class,5,4,15.69,14.27,49.53,1.84,Medium,1000.0,Home Office,Late,1,4.0,1,0
ORD10202,2026-07-06,2026-07-10,standard,4,3,63.63,3.4,123.15,7.65,Medium,750.0,Corporate,Late,1,4.0,1,0
ORD10203,2026-03-27,2026-03-28,standard,2,2,19.92,16.43,296.18,2.27,High,1000.0,Home Office,On Time,0,1.0,0,0
ORD10204,2026-01-28,2026-02-01,standard,2,1,10.42,4.37,84.03,1.24,High,1000.0,Corporate,Late,1,4.0,1,0
ORD10205,2026-03-07,2026-03-08,second_class,5,5,5.96,2.63,154.04,0.71,Low,1500.0,Home Office,On Time,0,1.0,0,0
ORD10206,2026-06-19,2026-06-20,first_class,6,6,3.31,3.18,62.54,0.32,Low,1000.0,Consumer,On Time,0,1.0,0,0
ORD10207,2026-02-14,2026-02-16,second_class,4,4,19.42,4.07,127.24,2.59,Medium,1500.0,Consumer,On Time,0,2.0,0,0
ORD10208,2026-03-03,2026-03-05,first_class,3,2,20.22,3.72,282.74,1.86,Low,750.0,Consumer,Late,1,2.0,1,0
ORD10209,2026-07-04,2026-07-07,second_class,2,2,26.96,4.64,183.95,2.92,Medium,500.0,Home Office,On Time,0,3.0,0,0
ORD10210,2026-05-14,2026-05-16,standard,3,3,12.41,3.42,33.85,1.61,Medium,1500.0,Corporate,On Time,0,2.0,0,0
ORD10211,2026-01-28,2026-01-29,same_day,3,3,15.42,10.88,168.68,0.76,High,1000.0,Corporate,On Time,0,1.0,0,0
ORD10212,2026-01-28,2026-02-01,standard,5,5,14.07,3.86,174.54,1.5,Low,1000.0,Corporate,On Time,0,4.0,0,0
ORD10213,2026-04-18,2026-04-20,standard,6,6,30.35,1.31,125.23,3.18,High,1500.0,Consumer,On Time,0,2.0,0,0
ORD10214,2026-02-13,2026-02-15,second_class,6,5,6.07,2.39,181.39,0.84,Low,750.0,Home Office,Late,1,2.0,1,0
ORD10215,2026-03-25,2026-03-27,standard,2,1,8.22,4.9,58.84,1.03,Medium,500.0,Corporate,Late,1,2.0,1,0
ORD10216,2026-01-30,2026-02-01,same_day,2,1,24.48,5.44,115.29,2.4,Medium,1000.0,Home Office,Late,1,2.0,1,0
ORD10217,2026-07-09,2026-07-10,standard,5,5,4.49,11.25,252.81,0.62,Medium,750.0,Corporate,On Time,0,1.0,0,0
ORD10218,2026-03-16,2026-03-17,second_class,6,6,23.47,5.24,236.27,2.25,Medium,500.0,Consumer,On Time,0,1.0,0,0
ORD10219,2026-05-08,2026-05-11,second_class,5,5,3.59,7.06,165.84,0.37,High,500.0,Home Office,On Time,0,3.0,0,0
ORD10220,2026-04-02,2026-04-06,same_day,5,6,42.47,4.31,56.7,4.86,High,1000.0,Corporate,On Time,0,4.0,-1,0
ORD10221,2026-08-05,2026-08-08,same_day,7,6,10.86,7.33,50.38,1.3,unknown,1500.0,Corporate,Late,1,3.0,1,0
ORD10222,2026-08-19,2026-08-22,second_class,7,7,19.61,1.16,119.81,2.77,Low,1000.0,Corporate,On Time,0,3.0,0,0
ORD10223,2026-07-09,2026-07-11,second_class,4,4,32.34,7.5,125.91,3.14,High,1000.0,Corporate,On Time,0,2.0,0,0
ORD10224,2026-08-13,2026-08-17,standard,7,6,8.15,4.77,101.97,1.08,Medium,1000.0,Consumer,Late,1,4.0,1,0
ORD10225,2026-05-09,2026-05-11,standard,3,3,26.57,11.64,60.12,3.23,Low,750.0,Corporate,On Time,0,2.0,0,0
ORD10226,2026-05-01,2026-05-02,second_class,8,6,3.04,12.24,152.58,0.33,Low,1500.0,Corporate,Late,1,1.0,2,0
ORD10227,2026-01-27,2026-01-30,same_day,6,6,5.0,8.12,119.42,0.63,Low,750.0,Consumer,On Time,0,3.0,0,0
ORD10228,2026-07-09,2026-07-13,second_class,7,6,32.97,4.33,136.64,3.67,Low,1000.0,Corporate,Late,1,4.0,1,0
ORD10229,2026-05-01,2026-05-02,same_day,7,7,12.71,4.54,171.58,1.24,Medium,1500.0,Home Office,On Time,0,1.0,0,0
ORD10230,2026-04-26,2026-04-29,second_class,9,7,4.53,2.46,89.55,0.51,High,500.0,Home Office,Late,1,3.0,2,0
ORD10231,2026-07-24,2026-07-28,standard,1,1,25.87,5.06,76.21,2.4,Medium,1500.0,Corporate,On Time,0,4.0,0,0
ORD10232,2026-08-21,2026-08-24,standard,8,7,12.4,1.59,252.31,1.19,Medium,1000.0,Consumer,Late,1,3.0,1,0
ORD10233,2026-01-03,2026-01-07,standard,3,3,3.64,4.99,62.3,0.44,High,1500.0,Consumer,On Time,0,4.0,0,0
ORD10234,2026-04-13,2026-04-16,standard,4,3,4.6,11.26,77.33,0.53,Low,500.0,Consumer,Late,1,3.0,1,0
ORD10235,2026-07-17,2026-07-19,first_class,7,7,26.58,4.01,277.46,3.06,High,500.0,Corporate,On Time,0,2.0,0,0
ORD10236,2026-07-19,2026-07-22,same_day,5,5,34.34,7.51,72.95,3.61,Medium,1500.0,Corporate,On Time,0,3.0,0,0
ORD10237,2026-06-04,2026-06-07,second_class,5,4,23.88,9.32,102.11,2.93,Medium,500.0,Home Office,Late,1,3.0,1,0
ORD10238,2026-05-17,2026-05-21,standard,9,7,33.17,10.69,55000.0,3.05,Low,750.0,Consumer,Late,1,4.0,2,1
ORD10239,2026-03-03,2026-03-07,standard,6,6,11.89,3.99,28.86,1.26,Medium,1500.0,Corporate,On Time,0,4.0,0,0
ORD10240,2026-06-14,2026-06-16,standard,3,2,14.72,2.5,100.24,1.71,Low,500.0,Corporate,Late,1,2.0,1,0
ORD10241,2026-08-13,2026-08-17,first_class,4,4,19.53,2.19,51.52,2.04,Medium,500.0,Corporate,On Time,0,4.0,0,0
ORD10242,2026-02-20,2026-02-23,standard,5,4,26.53,2.65,133.08,3.09,Low,1500.0,Consumer,Late,1,3.0,1,0
ORD10243,2026-08-22,2026-08-26,standard,4,3,24.94,4.25,251.95,2.43,High,750.0,Consumer,Late,1,4.0,1,0
ORD10244,2026-06-21,2026-06-25,standard,4,4,12.49,1.54,20.89,1.35,Medium,1500.0,Home Office,On Time,0,4.0,0,0
ORD10245,2026-06-01,2026-06-05,standard,8,7,11.01,3.23,81.03,1.54,Low,500.0,Consumer,Late,1,4.0,1,0
ORD10246,2026-07-26,2026-07-28,same_day,7,6,16.7,11.94,154.35,2.17,Medium,1500.0,Corporate,Late,1,2.0,1,0
ORD10247,2026-02-28,2026-03-02,standard,6,6,61.35,11.32,21.38,5.87,Low,500.0,Home Office,On Time,0,2.0,0,0
ORD10248,2026-04-28,2026-04-29,standard,2,1,11.97,0.7,299.53,1.29,Medium,1000.0,Consumer,Late,1,1.0,1,0
ORD10249,2026-06-09,2026-06-11,standard,6,6,10.9,25.13,146.19,1.01,High,1500.0,Consumer,On Time,0,2.0,0,0
ORD10250,2026-04-06,2026-04-08,standard,7,6,5.17,13.9,247.75,0.71,Medium,1500.0,Consumer,Late,1,2.0,1,0
ORD10251,2026-08-04,2026-08-06,second_class,4,3,8.37,1.52,72.03,1.02,Low,500.0,Consumer,Late,1,2.0,1,0
ORD10252,2026-08-21,2026-08-24,second_class,6,6,15.42,6.11,78.85,2.21,Medium,500.0,Corporate,On Time,0,3.0,0,0
ORD10253,2026-06-29,2026-06-30,standard,2,1,13.91,3.96,97.45,1.51,Medium,500.0,Consumer,Late,1,1.0,1,0
ORD10254,2026-04-23,2026-04-26,second_class,3,2,19.29,3.63,546.57,2.26,High,500.0,Corporate,Late,1,3.0,1,1
ORD10255,2026-03-03,2026-03-05,standard,8,7,36.1,1.44,295.47,4.73,Low,1500.0,Corporate,Late,1,2.0,1,0
ORD10256,2026-07-05,2026-07-07,second_class,3,3,0.86,10.63,121.42,0.09,Medium,500.0,Corporate,On Time,0,2.0,0,0
ORD10257,2026-02-21,2026-02-22,standard,2,2,15.24,10.52,133.06,1.67,unknown,1500.0,Home Office,On Time,0,1.0,0,0
ORD10258,2026-01-12,2026-01-13,standard,4,3,19.39,7.67,177.0,2.39,Low,750.0,Corporate,Late,1,1.0,1,0
ORD10259,2026-02-08,2026-02-12,second_class,5,5,49.24,19.7,660.94,5.52,Low,1500.0,Consumer,On Time,0,4.0,0,1
ORD10260,2026-05-10,2026-05-12,second_class,4,4,22.19,5.16,146.5,2.22,Medium,500.0,Home Office,On Time,0,2.0,0,0
ORD10261,2026-05-11,2026-05-13,second_class,6,5,9.92,3.3,113.8,1.27,High,500.0,Consumer,Late,1,2.0,1,0
ORD10262,2026-04-23,2026-04-26,standard,6,6,10.67,2.49,85.29,1.31,High,750.0,Corporate,On Time,0,3.0,0,0
ORD10263,2026-04-11,2026-04-15,standard,3,2,9.74,2.81,131.13,1.16,Medium,1500.0,Consumer,Late,1,4.0,1,0
ORD10264,2026-04-23,2026-04-25,same_day,7,6,16.32,13.69,70.79,1.63,Medium,750.0,Home Office,Late,1,2.0,1,0
ORD10265,2026-07-03,2026-07-06,standard,5,4,24.11,7.76,159.5,2.32,Low,1500.0,Home Office,Late,1,3.0,1,0
ORD10266,2026-03-22,2026-03-23,standard,3,3,6.31,4.25,37.55,0.74,High,500.0,Consumer,On Time,0,1.0,0,0
ORD10267,2026-07-06,2026-07-09,standard,4,4,18.48,3.45,90.43,2.26,High,1500.0,Consumer,On Time,0,3.0,0,0
ORD10268,2026-04-23,2026-04-25,standard,1,1,18.29,9.89,190.75,1.73,High,500.0,Consumer,On Time,0,2.0,0,0
ORD10269,2026-01-02,2026-01-05,standard,5,4,13.7,1.78,145.02,1.25,Medium,500.0,Home Office,Late,1,3.0,1,0
ORD10270,2026-05-10,2026-05-13,standard,1,1,14.28,2.16,77.71,1.47,Low,1000.0,Corporate,On Time,0,3.0,0,0
ORD10271,2026-08-08,2026-08-12,standard,6,4,6.14,10.66,92.39,0.56,High,1000.0,Consumer,Late,1,4.0,2,0
ORD10272,2026-02-23,2026-02-27,same_day,8,7,17.74,7.51,239.01,1.84,Medium,1500.0,Corporate,Late,1,4.0,1,0
ORD10273,2026-03-28,2026-03-29,standard,2,1,6.65,2.5,44.35,0.67,Low,500.0,Home Office,Late,1,1.0,1,0
ORD10274,2026-08-17,2026-08-21,standard,2,2,24.35,6.35,44.55,2.85,Medium,750.0,Consumer,On Time,0,4.0,0,0
ORD10275,2026-08-12,2026-08-15,first_class,6,6,10.46,2.81,54.75,1.2,Low,500.0,Consumer,On Time,0,3.0,0,0
ORD10276,2026-08-13,2026-08-17,first_class,7,6,3.16,6.16,109.07,0.42,Low,750.0,Home Office,Late,1,4.0,1,0
ORD10277,2026-05-09,2026-05-11,standard,5,5,33.31,5.59,39.74,3.24,Medium,1500.0,Consumer,On Time,0,2.0,0,0
ORD10278,2026-05-27,2026-05-30,second_class,6,6,9.59,3.97,224.7,0.89,Medium,1500.0,Corporate,On Time,0,3.0,0,0
ORD10279,2026-05-06,2026-05-09,standard,3,3,9.28,3.98,54.97,0.98,High,750.0,Home Office,On Time,0,3.0,0,0
ORD10280,2026-05-10,2026-05-13,second_class,9,7,3.82,5.95,130.1,0.46,Low,750.0,Home Office,Late,1,3.0,2,0
ORD10281,2026-02-22,2026-02-24,standard,5,4,26.8,4.33,71.21,3.52,Low,500.0,Consumer,Late,1,2.0,1,0
ORD10282,2026-06-21,2026-06-24,standard,6,5,8.0,15.56,104.68,0.99,Low,1500.0,Home Office,Late,1,3.0,1,0
ORD10283,2026-08-06,2026-08-10,second_class,4,3,9.61,5.87,33.03,1.2,Low,500.0,Consumer,Late,1,4.0,1,0
ORD10284,2026-06-09,2026-06-11,first_class,3,3,15.42,21.44,232.99,0.52,Low,750.0,Consumer,On Time,0,2.0,0,0
ORD10285,2026-07-17,2026-07-20,standard,2,1,22.87,1.07,53.46,2.12,Medium,1000.0,Home Office,Late,1,3.0,1,0
ORD10286,2026-06-09,2026-06-13,standard,6,6,20.96,3.75,49.42,2.91,Medium,1000.0,Consumer,On Time,0,4.0,0,0
ORD10287,2026-03-09,2026-03-13,standard,3,2,6.28,8.72,654.75,0.9,Medium,1000.0,Corporate,Late,1,4.0,1,1
ORD10288,2026-07-02,2026-07-03,first_class,2,2,10.69,25.13,166.62,1.14,High,750.0,Corporate,On Time,0,1.0,0,0
ORD10289,2026-07-22,2026-07-26,standard,5,5,34.64,1.51,226.29,4.26,Medium,500.0,Consumer,On Time,0,4.0,0,0
ORD10290,2026-07-03,2026-07-07,standard,7,7,2.17,5.67,155.12,0.21,Low,1500.0,Corporate,On Time,0,4.0,0,0
ORD10291,2026-05-03,2026-05-04,standard,2,2,68.14,8.17,78.31,8.2,Low,750.0,Consumer,On Time,0,1.0,0,0
ORD10292,2026-05-25,2026-05-26,second_class,5,4,12.53,13.97,41.26,1.54,High,1000.0,Corporate,Late,1,1.0,1,0
ORD10293,2026-02-07,2026-02-09,second_class,2,2,6.17,3.78,87.87,0.76,Medium,500.0,Home Office,On Time,0,2.0,0,0
ORD10294,2026-01-24,2026-01-28,second_class,5,5,6.49,4.69,52.79,0.86,High,1500.0,Consumer,On Time,0,4.0,0,0
ORD10295,2026-03-10,2026-03-12,standard,2,2,22.2,2.37,55.22,2.38,High,1500.0,Consumer,On Time,0,2.0,0,0
ORD10296,2026-04-26,2026-04-28,same_day,5,4,15.42,4.41,33.54,2.6,High,750.0,Consumer,Late,1,2.0,1,0
ORD10297,2026-04-08,2026-04-11,second_class,1,1,30.05,5.14,119.8,3.45,High,750.0,Consumer,On Time,0,3.0,0,0
ORD10298,2026-07-17,2026-07-19,second_class,8,7,13.64,7.86,357.83,1.54,Medium,1500.0,Consumer,Late,1,2.0,1,1
ORD10299,2026-08-02,2026-08-04,standard,5,5,10.66,9.99,167.1,1.51,Low,1500.0,Consumer,On Time,0,2.0,0,0
ORD10300,2026-05-19,2026-05-21,standard,1,1,2.84,1.79,101.56,0.4,High,1000.0,Home Office,On Time,0,2.0,0,0
ORD10301,2026-08-28,2026-08-30,second_class,1,1,14.88,3.34,106.65,1.64,Medium,1500.0,Home Office,On Time,0,2.0,0,0
ORD10302,2026-05-24,2026-05-25,standard,2,1,11.07,7.52,11.18,1.13,Low,750.0,Corporate,Late,1,1.0,1,0
ORD10303,2026-04-07,2026-04-11,first_class,4,3,21.84,1.19,80.01,2.03,Medium,500.0,Consumer,Late,1,4.0,1,0
ORD10304,2026-07-20,2026-07-23,second_class,7,7,28.95,17.32,37.71,3.75,Medium,1000.0,Corporate,On Time,0,3.0,0,0
ORD10305,2026-05-04,2026-05-05,second_class,7,6,15.42,13.07,121.61,2.53,High,1000.0,Corporate,Late,1,1.0,1,0
ORD10306,2026-07-06,2026-07-09,same_day,8,7,20.61,8.27,90.47,2.86,Medium,1500.0,Home Office,Late,1,3.0,1,0
ORD10307,2026-03-11,2026-03-14,second_class,3,3,16.83,9.54,57.28,1.92,Low,500.0,Corporate,On Time,0,3.0,0,0
ORD10308,2026-07-27,2026-07-28,standard,7,6,18.78,12.4,119.57,1.98,High,1000.0,Home Office,Late,1,1.0,1,0
ORD10309,2026-04-03,2026-04-05,standard,7,7,13.18,12.85,118.8,1.27,High,750.0,Corporate,On Time,0,2.0,0,0
ORD10310,2026-01-03,2026-01-04,standard,2,1,14.73,8.45,343.42,1.51,Medium,1500.0,Consumer,Late,1,1.0,1,0
ORD10311,2026-05-28,2026-05-31,first_class,5,5,34.35,1.99,183.98,4.39,Low,750.0,Corporate,On Time,0,3.0,0,0
ORD10312,2026-07-06,2026-07-09,standard,6,6,19.31,7.41,129.38,2.18,Medium,1500.0,Home Office,On Time,0,3.0,0,0
ORD10313,2026-06-13,2026-06-15,standard,4,4,12.3,13.24,54.02,1.16,Medium,1000.0,Home Office,On Time,0,2.0,0,0
ORD10314,2026-05-27,2026-05-28,first_class,6,4,9.25,6.62,49.15,1.11,Low,1500.0,Home Office,Late,1,1.0,2,0
ORD10315,2026-03-31,2026-04-04,second_class,3,2,14.12,10.79,172.28,1.57,Low,500.0,Corporate,Late,1,4.0,1,0
ORD10316,2026-07-14,2026-07-17,same_day,7,6,30.35,9.61,94.63,2.8,Medium,750.0,Corporate,Late,1,3.0,1,0
ORD10317,2026-05-27,2026-05-28,second_class,5,5,22.15,10.74,132.56,2.23,Medium,500.0,Home Office,On Time,0,1.0,0,0
ORD10318,2026-05-28,2026-05-30,second_class,3,3,1.0,3.86,228.95,0.1,Medium,750.0,Consumer,On Time,0,2.0,0,0
ORD10319,2026-04-06,2026-04-08,first_class,1,1,17.06,10.53,35.34,2.13,Low,750.0,Consumer,On Time,0,2.0,0,0
ORD10320,2026-07-18,2026-07-22,same_day,2,2,9.2,2.89,313.49,1.06,Medium,1500.0,Corporate,On Time,0,4.0,0,0
ORD10321,2026-02-21,2026-02-24,first_class,4,4,32.16,2.91,227.47,4.39,Medium,1000.0,Corporate,On Time,0,3.0,0,0
ORD10322,2026-08-21,2026-08-25,second_class,4,3,7.8,4.3,23.55,0.83,Low,1000.0,Home Office,Late,1,4.0,1,0
ORD10323,2026-06-10,2026-06-14,same_day,4,3,13.41,9.18,45000.0,1.81,Low,500.0,Corporate,Late,1,4.0,1,1
ORD10324,2026-06-17,2026-06-21,same_day,1,1,8.64,7.24,139.91,0.84,Medium,1500.0,Corporate,On Time,0,4.0,0,0
ORD10325,2026-05-08,2026-05-12,standard,7,6,24.11,6.8,76.79,2.35,High,1000.0,Home Office,Late,1,4.0,1,0
ORD10326,2026-02-08,2026-02-10,standard,5,4,12.74,4.81,162.28,1.39,Medium,750.0,Home Office,Late,1,2.0,1,0
ORD10327,2026-03-23,2026-03-26,standard,6,5,13.69,5.78,52.82,1.81,Low,750.0,Corporate,Late,1,3.0,1,0
ORD10328,2026-04-14,2026-04-18,standard,4,3,11.81,2.36,165.6,1.66,Low,1500.0,Consumer,Late,1,4.0,1,0
ORD10329,2026-05-09,2026-05-12,standard,3,1,23.77,2.23,60.64,2.33,High,500.0,Corporate,Late,1,3.0,2,0
ORD10330,2026-01-11,2026-01-13,standard,6,5,14.53,8.89,500.33,1.55,Low,1500.0,Consumer,Late,1,2.0,1,1
ORD10331,2026-08-08,2026-08-10,standard,6,6,6.36,0.77,115.02,0.65,Medium,500.0,Consumer,On Time,0,2.0,0,0
ORD10332,2026-07-04,2026-07-05,first_class,4,4,15.42,14.16,179.0,0.73,Medium,1500.0,Consumer,On Time,0,1.0,0,0
ORD10333,2026-08-05,2026-08-06,second_class,8,6,19.28,6.92,60.97,2.13,Low,750.0,Home Office,Late,1,1.0,2,0
ORD10334,2026-06-27,2026-06-30,standard,3,3,7.58,4.08,202.83,0.76,High,1500.0,Home Office,On Time,0,3.0,0,0
ORD10335,2026-05-31,2026-06-01,second_class,5,5,17.25,0.32,108.91,1.95,Medium,1000.0,Home Office,On Time,0,1.0,0,0
ORD10336,2026-06-08,2026-06-12,second_class,5,5,5.76,2.93,38.13,0.61,Medium,1000.0,Corporate,On Time,0,4.0,0,0
ORD10337,2026-08-10,2026-08-13,first_class,6,5,11.25,5.04,91.92,1.11,Low,1500.0,Home Office,Late,1,3.0,1,0
ORD10338,2026-02-11,2026-02-13,same_day,5,3,14.44,0.7,467.94,1.84,Low,500.0,Home Office,Late,1,2.0,2,1
ORD10339,2026-04-09,2026-04-11,standard,3,3,5.21,4.23,209.4,0.72,Medium,500.0,Corporate,On Time,0,2.0,0,0
ORD10340,2026-01-07,2026-01-11,standard,6,6,31.1,12.7,82.75,3.41,Medium,750.0,Corporate,On Time,0,4.0,0,0
ORD10341,2026-05-24,2026-05-25,standard,3,2,52.38,5.68,27.06,7.23,Low,750.0,Consumer,Late,1,1.0,1,0
ORD10342,2026-03-31,2026-04-03,standard,6,6,23.8,14.29,58.89,2.36,Low,500.0,Corporate,On Time,0,3.0,0,0
ORD10343,2026-04-22,2026-04-25,first_class,4,4,19.39,3.01,38.29,1.96,Low,1500.0,Corporate,On Time,0,3.0,0,0
ORD10344,2026-03-01,2026-03-05,standard,2,1,40.12,5.95,27.56,3.81,High,750.0,Home Office,Late,1,4.0,1,0
ORD10345,2026-04-23,2026-04-24,standard,5,5,30.91,8.23,198.18,3.23,Medium,500.0,Consumer,On Time,0,1.0,0,0
ORD10346,2026-01-02,2026-01-05,standard,2,2,7.79,9.47,115.21,1.07,High,500.0,Consumer,On Time,0,3.0,0,0
ORD10347,2026-05-09,2026-05-13,standard,2,1,9.77,12.32,422.56,1.22,Low,1500.0,Corporate,Late,1,4.0,1,1
ORD10348,2026-02-17,2026-02-20,first_class,1,2,18.64,15.1,52.03,1.82,High,1000.0,Home Office,On Time,0,3.0,-1,0
ORD10349,2026-05-20,2026-05-22,first_class,8,7,14.79,5.66,109.76,1.93,Low,500.0,Home Office,Late,1,2.0,1,0
ORD10350,2026-07-16,2026-07-19,standard,6,6,21.6,13.41,38.64,2.21,Medium,750.0,Home Office,On Time,0,3.0,0,0
ORD10351,2026-02-06,2026-02-09,standard,3,3,37.62,28.31,70.38,3.72,High,1500.0,Home Office,On Time,0,3.0,0,0
ORD10352,2026-06-09,2026-06-12,standard,5,5,10.14,11.07,93.08,1.22,Low,1500.0,Corporate,On Time,0,3.0,0,0
ORD10353,2026-01-09,2026-01-10,standard,6,6,16.78,3.05,83.01,2.02,Medium,1500.0,Home Office,On Time,0,1.0,0,0
ORD10354,2026-08-21,2026-08-22,second_class,2,1,7.39,5.73,114.45,0.8,Low,1000.0,Consumer,Late,1,1.0,1,0
ORD10355,2026-04-09,2026-04-13,standard,8,7,17.3,8.06,227.85,1.66,Low,1000.0,Consumer,Late,1,4.0,1,0
ORD10356,2026-05-27,2026-05-28,second_class,8,7,5.25,7.73,210.57,0.66,Medium,750.0,Corporate,Late,1,1.0,1,0
ORD10357,2026-02-17,2026-02-20,second_class,7,7,11.38,5.06,61.74,1.06,Medium,750.0,Home Office,On Time,0,3.0,0,0
ORD10358,2026-07-27,2026-07-30,standard,2,1,22.65,16.22,107.47,2.41,Medium,1500.0,Home Office,Late,1,3.0,1,0
ORD10359,2026-05-11,2026-05-12,standard,1,1,4.79,1.17,199.45,0.44,Medium,750.0,Home Office,On Time,0,1.0,0,0
ORD10360,2026-05-28,2026-05-29,same_day,2,1,30.09,6.01,239.08,4.09,Medium,500.0,Home Office,Late,1,1.0,1,0
ORD10361,2026-06-01,2026-06-04,second_class,2,1,38.98,7.9,66.96,5.19,Low,1000.0,Corporate,Late,1,3.0,1,0
ORD10362,2026-02-23,2026-02-26,standard,7,7,27.83,3.21,187.0,2.7,Low,1500.0,Home Office,On Time,0,3.0,0,0
ORD10363,2026-04-30,2026-05-02,second_class,7,7,32.21,12.82,140.94,3.08,High,1500.0,Corporate,On Time,0,2.0,0,0
ORD10364,2026-06-10,2026-06-14,second_class,2,2,15.86,7.4,49.43,1.81,Low,500.0,Home Office,On Time,0,4.0,0,0
ORD10365,2026-06-01,2026-06-02,standard,7,6,25.09,6.66,200.36,2.55,Medium,500.0,Home Office,Late,1,1.0,1,0
ORD10366,2026-04-26,2026-04-30,second_class,7,5,30.86,9.15,123.18,2.95,Low,500.0,Consumer,Late,1,4.0,2,0
ORD10367,2026-03-16,2026-03-19,standard,3,3,17.61,6.72,29.78,2.46,Medium,500.0,Corporate,On Time,0,3.0,0,0
ORD10368,2026-04-23,2026-04-27,first_class,7,7,32.46,10.37,88.2,3.49,Medium,1500.0,Consumer,On Time,0,4.0,0,0
ORD10369,2026-07-19,2026-07-20,same_day,3,3,22.77,0.55,113.28,2.19,Low,1000.0,Corporate,On Time,0,1.0,0,0
ORD10370,2026-06-13,2026-06-14,second_class,7,6,11.03,0.86,69.8,1.28,Low,1000.0,Home Office,Late,1,1.0,1,0
ORD10371,2026-06-15,2026-06-19,standard,6,6,10.87,11.22,276.21,1.32,Medium,500.0,Home Office,On Time,0,4.0,0,0
ORD10372,2026-04-14,2026-04-15,standard,3,3,15.25,5.83,283.82,1.5,Medium,750.0,Corporate,On Time,0,1.0,0,0
ORD10373,2026-03-25,,first_class,7,7,30.04,3.14,82.53,3.6,Low,1500.0,Consumer,On Time,0,,0,0
ORD10374,2026-08-15,2026-08-18,second_class,4,3,24.48,7.34,76.01,3.49,Medium,1000.0,Corporate,Late,1,3.0,1,0
ORD10375,2026-04-22,2026-04-25,second_class,2,2,6.49,5.7,99.64,0.6,Low,500.0,Corporate,On Time,0,3.0,0,0
ORD10376,2026-08-05,2026-08-06,same_day,5,4,40.27,2.88,94.63,4.3,High,750.0,Home Office,Late,1,1.0,1,0
ORD10377,2026-04-09,2026-04-12,second_class,7,7,39.35,22.69,70.5,3.83,Medium,750.0,Consumer,On Time,0,3.0,0,0
ORD10378,2026-06-02,2026-06-04,standard,7,7,6.5,16.3,6.81,0.63,Low,500.0,Corporate,On Time,0,2.0,0,0
ORD10379,2026-04-03,2026-04-04,standard,5,5,19.56,3.57,409.98,2.69,Medium,1500.0,Consumer,On Time,0,1.0,0,1
ORD10380,2026-05-26,2026-05-28,standard,1,1,15.84,3.62,109.98,2.06,Medium,1000.0,Consumer,On Time,0,2.0,0,0
ORD10381,2026-05-08,2026-05-10,second_class,4,4,34.25,3.01,96.18,4.15,Low,750.0,Corporate,On Time,0,2.0,0,0
ORD10382,2026-04-20,2026-04-23,first_class,6,6,7.25,4.2,140.31,0.88,Medium,1000.0,Consumer,On Time,0,3.0,0,0
ORD10383,2026-03-23,2026-03-26,first_class,8,7,25.22,9.79,103.54,2.62,Low,1000.0,Home Office,Late,1,3.0,1,0
ORD10384,2026-07-13,2026-07-17,standard,2,3,22.75,6.34,79.62,2.4,Low,750.0,Home Office,On Time,0,4.0,-1,0
ORD10385,2026-02-23,2026-02-25,standard,4,4,23.94,4.14,51.72,1.72,Low,500.0,Home Office,On Time,0,2.0,0,0
ORD10386,2026-06-12,2026-06-15,standard,6,5,20.49,5.3,27.69,2.61,Medium,750.0,Home Office,Late,1,3.0,1,0
ORD10387,2026-07-27,2026-07-29,first_class,7,6,5.96,4.18,39.81,0.7,Low,750.0,Consumer,Late,1,2.0,1,0
ORD10388,2026-07-08,2026-07-12,standard,2,1,26.29,2.76,47.58,2.87,Medium,1500.0,Home Office,Late,1,4.0,1,0
ORD10389,2026-06-18,2026-06-20,standard,2,1,26.7,2.31,179.14,3.01,Medium,1000.0,Corporate,Late,1,2.0,1,0
ORD10390,2026-08-16,2026-08-17,standard,5,5,19.17,2.16,189.33,2.55,Medium,500.0,Home Office,On Time,0,1.0,0,0
ORD10391,2026-06-10,2026-06-14,first_class,6,5,15.47,7.23,56.75,1.61,Medium,1000.0,Corporate,Late,1,4.0,1,0
ORD10392,2026-03-09,2026-03-13,standard,3,3,42.0,12.07,14.91,5.76,High,750.0,Corporate,On Time,0,4.0,0,0
ORD10393,2026-02-02,2026-02-04,second_class,7,7,41.72,6.62,110.7,4.9,Medium,500.0,Home Office,On Time,0,2.0,0,0
ORD10394,2026-05-22,2026-05-24,first_class,1,1,10.87,0.67,80.15,1.1,Medium,500.0,Home Office,On Time,0,2.0,0,0
ORD10395,2026-01-21,2026-01-24,second_class,6,6,21.49,7.09,78.67,3.04,Low,500.0,Consumer,On Time,0,3.0,0,0
ORD10396,2026-02-17,2026-02-18,second_class,4,4,7.79,3.45,225.19,0.84,High,500.0,Corporate,On Time,0,1.0,0,0
ORD10397,2026-05-28,2026-06-01,standard,6,6,10.22,2.36,122.0,1.23,Low,1500.0,Home Office,On Time,0,4.0,0,0
ORD10398,2026-05-08,2026-05-12,standard,2,2,16.54,1.53,52.86,2.35,Low,500.0,Consumer,On Time,0,4.0,0,0
ORD10399,2026-05-16,2026-05-20,same_day,2,2,12.13,2.35,44.49,1.56,Medium,750.0,Home Office,On Time,0,4.0,0,0
ORD10400,2026-05-15,2026-05-18,second_class,5,5,6.46,2.42,90.29,0.6,unknown,1500.0,Home Office,On Time,0,3.0,0,0
ORD10401,2026-07-14,2026-07-15,same_day,2,3,6.74,1.15,55.71,0.74,Low,750.0,Home Office,On Time,0,1.0,-1,0
ORD10402,2026-05-25,2026-05-29,second_class,2,2,6.75,2.43,104.14,0.61,Medium,750.0,Corporate,On Time,0,4.0,0,0
ORD10403,2026-05-08,2026-05-12,standard,1,1,6.03,8.56,237.37,0.66,Medium,1000.0,Home Office,On Time,0,4.0,0,0
ORD10404,2026-02-02,2026-02-05,standard,7,6,2.19,13.75,39.06,0.24,Medium,500.0,Consumer,Late,1,3.0,1,0
ORD10405,2026-06-25,2026-06-27,first_class,6,6,16.92,0.73,117.43,1.97,High,500.0,Home Office,On Time,0,2.0,0,0
ORD10406,2026-07-23,2026-07-27,standard,6,5,13.16,10.72,218.39,1.6,Low,750.0,Home Office,Late,1,4.0,1,0
ORD10407,2026-07-06,2026-07-07,standard,8,7,2.16,5.07,103.06,0.27,Low,500.0,Consumer,Late,1,1.0,1,0
ORD10408,2026-04-25,2026-04-26,second_class,7,7,25.24,1.6,188.89,3.01,Medium,1500.0,Consumer,On Time,0,1.0,0,0
ORD10409,2026-08-02,2026-08-03,standard,5,4,13.34,4.11,88.64,1.51,Low,1000.0,Corporate,Late,1,1.0,1,0
ORD10410,2026-04-29,2026-04-30,standard,5,5,12.49,8.23,124.98,1.61,Medium,500.0,Corporate,On Time,0,1.0,0,0
ORD10411,2026-01-22,2026-01-25,second_class,3,4,31.54,5.95,153.02,3.99,Low,500.0,Corporate,On Time,0,3.0,-1,0
ORD10412,2026-08-26,2026-08-30,second_class,8,7,11.18,0.98,71.59,1.38,Medium,1500.0,Corporate,Late,1,4.0,1,0
ORD10413,2026-06-07,2026-06-10,standard,5,5,19.86,5.58,489.32,2.26,Medium,1000.0,Consumer,On Time,0,3.0,0,1
ORD10414,2026-02-07,2026-02-08,second_class,6,5,14.88,9.82,169.56,1.55,Medium,1500.0,Home Office,Late,1,1.0,1,0
ORD10415,2026-08-18,2026-08-19,second_class,6,5,9.63,8.76,292.14,0.92,Medium,750.0,Home Office,Late,1,1.0,1,0
ORD10416,2026-04-19,2026-04-20,standard,7,7,6.06,4.25,245.49,0.74,Medium,750.0,Home Office,On Time,0,1.0,0,0
ORD10417,2026-02-20,2026-02-23,standard,4,4,7.62,5.77,140.54,0.99,Low,500.0,Corporate,On Time,0,3.0,0,0
ORD10418,2026-07-01,2026-07-02,standard,4,4,13.21,4.45,310.86,1.55,Low,1000.0,Consumer,On Time,0,1.0,0,0
ORD10419,2026-01-08,2026-01-12,first_class,4,5,28.95,8.39,126.59,2.74,Low,750.0,Consumer,On Time,0,4.0,-1,0
ORD10420,2026-01-27,2026-01-28,standard,2,2,1.3,8.77,63.6,0.18,Medium,1500.0,Consumer,On Time,0,1.0,0,0
ORD10421,2026-01-27,2026-01-31,same_day,4,3,4.56,0.49,111.18,0.47,Medium,750.0,Home Office,Late,1,4.0,1,0
ORD10422,2026-08-14,2026-08-18,second_class,7,7,21.81,9.87,51.7,2.45,Medium,750.0,Corporate,On Time,0,4.0,0,0
ORD10423,2026-01-21,2026-01-22,second_class,3,3,19.8,8.01,22.73,2.59,Low,1500.0,Consumer,On Time,0,1.0,0,0
ORD10424,2026-01-30,2026-02-02,same_day,3,3,15.42,3.41,58.01,0.87,Medium,500.0,Corporate,On Time,0,3.0,0,0
ORD10425,2026-04-07,2026-04-09,second_class,5,4,13.63,11.84,116.12,1.73,High,1000.0,Consumer,Late,1,2.0,1,0
ORD10426,2026-01-28,2026-01-30,standard,4,4,30.81,4.45,243.82,2.93,Low,500.0,Corporate,On Time,0,2.0,0,0
ORD10427,2026-04-21,2026-04-25,standard,2,2,11.87,2.83,57.88,1.33,Low,1500.0,Consumer,On Time,0,4.0,0,0
ORD10428,2026-07-11,2026-07-14,second_class,5,3,17.51,3.45,234.54,1.89,Low,750.0,Corporate,Late,1,3.0,2,0
ORD10429,2026-08-13,2026-08-15,standard,3,3,14.79,6.05,44.34,1.58,Medium,1000.0,Consumer,On Time,0,2.0,0,0
ORD10430,2026-07-16,2026-07-17,standard,5,5,37.2,4.1,55.17,3.89,Medium,500.0,Consumer,On Time,0,1.0,0,0
ORD10431,2026-03-02,2026-03-03,first_class,5,4,39.77,3.37,325.99,4.43,Low,1500.0,Corporate,Late,1,1.0,1,0
ORD10432,2026-02-17,2026-02-21,same_day,4,3,18.14,2.92,113.94,2.57,Medium,750.0,Corporate,Late,1,4.0,1,0
ORD10433,2026-05-27,2026-05-30,standard,6,6,15.42,9.04,96.52,2.3,Low,750.0,Home Office,On Time,0,3.0,0,0
ORD10434,2026-01-04,2026-01-07,second_class,2,2,7.52,8.54,131.17,0.97,Medium,500.0,Corporate,On Time,0,3.0,0,0
ORD10435,2026-02-04,2026-02-06,standard,7,6,15.89,0.7,44.49,1.63,Medium,1500.0,Consumer,Late,1,2.0,1,0
ORD10436,2026-07-11,2026-07-13,second_class,6,6,23.06,3.64,85.79,3.19,Medium,750.0,Consumer,On Time,0,2.0,0,0
ORD10437,2026-02-18,2026-02-19,standard,8,7,15.42,9.69,110.17,0.78,Low,750.0,Corporate,Late,1,1.0,1,0
ORD10438,2026-01-17,2026-01-21,second_class,7,7,16.22,5.48,276.87,2.07,High,1000.0,Home Office,On Time,0,4.0,0,0
ORD10439,2026-06-21,2026-06-24,standard,2,2,33.46,10.15,31.41,3.1,Medium,750.0,Corporate,On Time,0,3.0,0,0
ORD10440,2026-08-08,2026-08-10,second_class,6,6,10.42,12.47,412.5,1.25,Low,500.0,Consumer,On Time,0,2.0,0,1
ORD10441,2026-06-07,2026-06-09,standard,4,3,7.69,12.39,100.13,0.93,Low,1500.0,Consumer,Late,1,2.0,1,0
ORD10442,2026-08-09,2026-08-13,standard,5,4,12.8,11.07,47.8,1.2,Medium,1500.0,Home Office,Late,1,4.0,1,0
ORD10443,2026-02-15,2026-02-19,standard,3,2,33.57,4.73,41.73,3.87,High,1000.0,Corporate,Late,1,4.0,1,0
ORD10444,2026-04-27,2026-04-28,standard,6,5,8.46,3.85,134.94,0.78,High,1500.0,Consumer,Late,1,1.0,1,0
ORD10445,2026-01-06,2026-01-10,standard,6,6,5.61,5.14,40.03,0.79,Medium,500.0,Consumer,On Time,0,4.0,0,0
ORD10446,2026-04-09,2026-04-10,standard,2,2,21.59,4.14,72.23,2.62,High,750.0,Consumer,On Time,0,1.0,0,0
ORD10447,2026-05-04,2026-05-05,second_class,2,1,49.68,11.28,91.16,5.14,Low,1000.0,Corporate,Late,1,1.0,1,0
ORD10448,2026-08-21,2026-08-25,second_class,2,1,2.53,8.57,259.24,0.24,Low,1500.0,Corporate,Late,1,4.0,1,0
ORD10449,2026-02-06,2026-02-10,standard,8,7,25.32,6.09,236.0,3.15,High,1000.0,Home Office,Late,1,4.0,1,0
ORD10450,2026-01-24,2026-01-28,second_class,5,4,12.15,1.79,67.88,1.13,Medium,1000.0,Consumer,Late,1,4.0,1,0
ORD10451,2026-04-03,2026-04-07,standard,3,3,10.74,8.44,93.74,1.15,Medium,1500.0,Consumer,On Time,0,4.0,0,0
ORD10452,2026-02-15,2026-02-19,first_class,4,4,15.93,12.46,33.23,1.56,Medium,1000.0,Home Office,On Time,0,4.0,0,0
ORD10453,2026-06-30,2026-07-01,standard,5,4,9.69,3.31,23.82,1.13,High,1500.0,Consumer,Late,1,1.0,1,0
ORD10454,2026-04-05,2026-04-07,first_class,4,4,27.81,11.55,43.74,3.54,Medium,500.0,Home Office,On Time,0,2.0,0,0
ORD10455,2026-04-09,2026-04-12,standard,4,4,7.37,7.97,255.27,0.69,High,1500.0,Home Office,On Time,0,3.0,0,0
ORD10456,2026-07-07,2026-07-10,same_day,6,5,15.42,23.7,197.37,2.91,Medium,750.0,Consumer,Late,1,3.0,1,0
ORD10457,2026-08-13,2026-08-14,standard,5,5,19.32,5.06,146.58,2.15,Low,1500.0,Corporate,On Time,0,1.0,0,0
ORD10458,2026-04-26,2026-04-27,standard,8,7,9.16,3.51,36.85,1.3,High,750.0,Corporate,Late,1,1.0,1,0
ORD10459,2026-07-10,2026-07-12,standard,2,2,19.61,10.42,64.47,2.64,Low,1000.0,Corporate,On Time,0,2.0,0,0
ORD10460,2026-08-01,2026-08-05,second_class,2,1,7.98,3.03,57.78,0.86,High,1500.0,Corporate,Late,1,4.0,1,0
ORD10461,2026-06-09,2026-06-10,first_class,5,4,10.09,6.01,97.08,1.42,Medium,750.0,Consumer,Late,1,1.0,1,0
ORD10462,2026-08-03,2026-08-06,second_class,8,7,21.91,7.33,92.59,2.55,Medium,1500.0,Home Office,Late,1,3.0,1,0
ORD10463,2026-06-10,2026-06-14,same_day,2,2,4.97,10.14,51.86,0.61,Medium,1500.0,Home Office,On Time,0,4.0,0,0
ORD10464,2026-03-08,2026-03-09,same_day,1,1,6.4,12.64,142.87,0.65,Low,1500.0,Consumer,On Time,0,1.0,0,0
ORD10465,2026-05-08,2026-05-12,second_class,6,6,18.17,20.03,130.54,2.52,Low,500.0,Corporate,On Time,0,4.0,0,0
ORD10466,2026-01-18,2026-01-21,standard,3,3,24.45,0.99,63.65,2.73,High,750.0,Home Office,On Time,0,3.0,0,0
ORD10467,2026-01-25,2026-01-29,second_class,6,5,16.45,19.15,138.13,1.77,High,500.0,Consumer,Late,1,4.0,1,0
ORD10468,2026-08-22,2026-08-23,standard,6,6,16.2,1.6,255.5,1.71,Low,500.0,Consumer,On Time,0,1.0,0,0
ORD10469,2026-08-11,2026-08-12,second_class,1,1,9.3,2.37,320.87,1.08,High,750.0,Corporate,On Time,0,1.0,0,0
ORD10470,2026-02-23,2026-02-26,second_class,6,6,41.01,9.3,158.86,4.99,High,1500.0,Consumer,On Time,0,3.0,0,0
ORD10471,2026-02-27,2026-03-01,second_class,4,3,20.38,6.45,155.39,2.09,Medium,500.0,Home Office,Late,1,2.0,1,0
ORD10472,2026-03-08,2026-03-10,first_class,6,7,5.21,2.13,91.83,0.5,Low,500.0,Home Office,On Time,0,2.0,-1,0
ORD10473,2026-04-14,2026-04-18,first_class,2,1,25.43,8.82,238.0,2.6,High,500.0,Consumer,Late,1,4.0,1,0
ORD10474,2026-06-23,2026-06-24,same_day,7,6,22.77,5.04,49.27,2.12,Medium,1500.0,Home Office,Late,1,1.0,1,0
ORD10475,2026-01-24,2026-01-25,standard,6,5,11.72,1.07,218.19,1.19,High,500.0,Consumer,Late,1,1.0,1,0
ORD10476,2026-04-24,2026-04-27,standard,6,5,8.7,12.99,88.61,0.86,High,1000.0,Home Office,Late,1,3.0,1,0
ORD10477,2026-02-01,2026-02-04,first_class,2,2,20.68,2.86,336.37,2.7,High,750.0,Corporate,On Time,0,3.0,0,0
ORD10478,2026-06-24,2026-06-25,same_day,7,6,6.41,2.15,170.91,0.74,Medium,1000.0,Home Office,Late,1,1.0,1,0
ORD10479,2026-03-27,2026-03-30,standard,4,4,12.61,6.01,25000.0,1.41,Low,1500.0,Corporate,On Time,0,3.0,0,1
ORD10480,2026-05-31,2026-06-02,standard,7,6,9.33,2.56,92.08,1.16,Low,500.0,Corporate,Late,1,2.0,1,0
ORD10481,2026-07-13,2026-07-15,standard,8,7,15.42,8.79,163.07,1.02,Low,750.0,Consumer,Late,1,2.0,1,0
ORD10482,2026-05-07,2026-05-11,standard,1,1,12.93,4.97,157.25,1.58,Low,500.0,Corporate,On Time,0,4.0,0,0
ORD10483,2026-06-04,2026-06-07,same_day,1,1,19.0,7.4,81.55,1.95,Medium,1500.0,Home Office,On Time,0,3.0,0,0
ORD10484,2026-08-22,2026-08-26,second_class,7,7,17.47,3.29,117.79,1.97,Medium,750.0,Home Office,On Time,0,4.0,0,0
ORD10485,2026-05-10,2026-05-13,second_class,7,6,26.43,6.36,215.36,2.99,High,1000.0,Corporate,Late,1,3.0,1,0
ORD10486,2026-08-06,2026-08-09,first_class,7,7,19.05,2.67,39.55,1.74,Low,750.0,Consumer,On Time,0,3.0,0,0
ORD10487,2026-01-17,2026-01-19,second_class,3,3,3.54,4.47,189.5,0.41,Medium,500.0,Corporate,On Time,0,2.0,0,0
ORD10488,2026-04-14,2026-04-15,standard,7,7,4.13,5.64,162.54,0.49,Low,750.0,Home Office,On Time,0,1.0,0,0
ORD10489,2026-06-10,2026-06-13,standard,5,5,12.48,0.91,267.73,1.51,Low,1500.0,Home Office,On Time,0,3.0,0,0
ORD10490,2026-05-17,2026-05-20,standard,9,7,6.37,11.76,64.28,0.6,Low,1500.0,Corporate,Late,1,3.0,2,0
ORD10491,2026-02-12,2026-02-15,standard,2,1,14.4,1.38,110.42,1.6,Medium,750.0,Corporate,Late,1,3.0,1,0
ORD10492,2026-06-25,2026-06-26,standard,5,5,11.86,2.31,128.23,1.26,Low,1500.0,Corporate,On Time,0,1.0,0,0
ORD10493,2026-02-08,2026-02-12,standard,1,1,19.59,2.74,191.35,2.54,Medium,1500.0,Home Office,On Time,0,4.0,0,0
ORD10494,2026-08-09,2026-08-13,standard,2,2,8.54,8.5,151.69,0.93,Low,1500.0,Home Office,On Time,0,4.0,0,0
ORD10495,2026-06-19,2026-06-22,standard,4,4,26.18,3.63,43.39,3.23,High,1000.0,Home Office,On Time,0,3.0,0,0
ORD10496,2026-01-26,2026-01-29,second_class,2,1,21.03,16.48,136.77,2.12,High,500.0,Consumer,Late,1,3.0,1,0
ORD10497,2026-04-09,2026-04-13,standard,5,5,15.42,17.2,494.31,4.86,High,1500.0,Home Office,On Time,0,4.0,0,1
ORD10498,2026-02-19,2026-02-23,same_day,2,2,27.78,8.75,173.96,2.82,High,750.0,Home Office,On Time,0,4.0,0,0
ORD10499,2026-06-02,2026-06-04,standard,2,1,3.93,2.88,375.6,0.4,High,1500.0,Consumer,Late,1,2.0,1,1
ORD10500,2026-06-01,2026-06-04,second_class,4,3,12.25,4.76,240.4,1.35,High,1000.0,Consumer,Late,1,3.0,1,0
ORD10501,2026-01-13,2026-01-17,second_class,7,7,2.99,6.02,305.45,0.3,Medium,750.0,Consumer,On Time,0,4.0,0,0
ORD10502,2026-03-01,2026-03-03,same_day,3,4,21.48,11.61,138.72,2.47,Low,500.0,Consumer,On Time,0,2.0,-1,0
ORD10503,2026-05-15,2026-05-16,second_class,1,1,24.65,4.54,162.61,2.57,Low,750.0,Consumer,On Time,0,1.0,0,0
ORD10504,2026-02-26,2026-03-01,standard,3,2,7.19,2.73,133.17,0.89,Low,750.0,Consumer,Late,1,3.0,1,0
ORD10505,2026-02-05,2026-02-09,standard,5,3,4.89,1.9,110.31,0.67,Medium,750.0,Corporate,Late,1,4.0,2,0
ORD10506,2026-06-22,2026-06-25,standard,6,6,32.98,12.09,191.84,3.81,Medium,750.0,Corporate,On Time,0,3.0,0,0
ORD10507,2026-01-20,2026-01-22,standard,1,2,16.22,8.76,74.38,1.83,High,1500.0,Corporate,On Time,0,2.0,-1,0
ORD10508,2026-03-06,2026-03-10,standard,8,7,26.32,4.22,452.16,3.28,High,500.0,Corporate,Late,1,4.0,1,1
ORD10509,2026-01-08,2026-01-09,second_class,3,2,8.63,4.52,54.82,0.87,Medium,1500.0,Home Office,Late,1,1.0,1,0
ORD10510,2026-08-26,2026-08-27,first_class,5,3,7.73,2.24,202.06,1.06,Medium,1000.0,Consumer,Late,1,1.0,2,0
ORD10511,2026-05-24,2026-05-26,first_class,2,2,8.4,20.47,309.2,1.06,High,1000.0,Home Office,On Time,0,2.0,0,0
ORD10512,2026-05-22,2026-05-23,same_day,3,3,10.0,6.47,96.31,1.0,Low,750.0,Consumer,On Time,0,1.0,0,0
ORD10513,2026-07-23,2026-07-24,second_class,1,1,15.24,1.27,47.72,1.74,Medium,1500.0,Consumer,On Time,0,1.0,0,0
ORD10514,2026-04-25,2026-04-26,second_class,3,3,9.96,1.53,261.56,1.01,Low,1500.0,Home Office,On Time,0,1.0,0,0
ORD10515,2026-08-03,2026-08-04,second_class,4,3,17.73,4.05,128.07,1.91,Medium,500.0,Corporate,Late,1,1.0,1,0
ORD10516,2026-05-23,2026-05-24,standard,4,4,11.08,2.63,202.35,1.03,Low,500.0,Home Office,On Time,0,1.0,0,0
ORD10517,2026-04-02,2026-04-03,standard,3,3,7.2,5.5,101.28,0.77,High,500.0,Home Office,On Time,0,1.0,0,0
ORD10518,2026-04-08,2026-04-09,same_day,4,3,14.1,8.31,403.0,2.0,Medium,1500.0,Consumer,Late,1,1.0,1,1
ORD10519,2026-03-07,2026-03-11,same_day,6,6,23.0,2.4,22.47,2.73,Low,500.0,Consumer,On Time,0,4.0,0,0
ORD10520,2026-02-01,2026-02-02,second_class,2,1,7.7,4.3,145.79,1.02,Low,500.0,Consumer,Late,1,1.0,1,0
ORD10521,2026-08-03,2026-08-07,standard,7,7,19.6,1.82,300.76,1.83,Medium,500.0,Corporate,On Time,0,4.0,0,0
ORD10522,2026-07-10,2026-07-13,second_class,5,4,12.78,17.05,118.99,1.72,High,750.0,Home Office,Late,1,3.0,1,0
ORD10523,2026-03-27,2026-03-29,standard,6,6,2.81,8.31,137.93,0.33,Medium,1000.0,Home Office,On Time,0,2.0,0,0
ORD10524,2026-02-20,2026-02-21,standard,6,5,27.2,8.59,79.4,3.44,Medium,1000.0,Corporate,Late,1,1.0,1,0
ORD10525,2026-06-02,2026-06-04,standard,1,1,12.7,7.85,111.67,1.22,Low,1500.0,Home Office,On Time,0,2.0,0,0
ORD10526,2026-07-05,2026-07-06,standard,1,1,25.6,2.61,31.38,3.11,Medium,1500.0,Home Office,On Time,0,1.0,0,0
ORD10527,2026-03-04,2026-03-08,standard,6,5,17.3,6.56,64.15,1.58,Medium,750.0,Consumer,Late,1,4.0,1,0
ORD10528,2026-07-09,2026-07-10,standard,7,7,4.19,6.35,60.94,0.59,Medium,1000.0,Corporate,On Time,0,1.0,0,0
ORD10529,2026-05-05,2026-05-08,standard,3,3,0.74,6.69,181.61,0.1,Low,500.0,Consumer,On Time,0,3.0,0,0
ORD10530,2026-05-30,2026-06-01,standard,7,6,4.82,3.03,71.63,0.61,Medium,500.0,Corporate,Late,1,2.0,1,0
ORD10531,2026-02-27,2026-03-01,second_class,3,2,0.69,3.21,73.2,0.07,Medium,1500.0,Consumer,Late,1,2.0,1,0
ORD10532,2026-02-27,2026-03-02,second_class,3,4,18.43,10.8,82.81,1.75,High,1000.0,Home Office,On Time,0,3.0,-1,0
ORD10533,2026-03-27,2026-03-31,standard,2,2,18.32,4.1,62.71,2.51,High,1500.0,Corporate,On Time,0,4.0,0,0
ORD10534,2026-02-18,2026-02-22,standard,5,5,4.03,10.8,134.53,0.57,Medium,1500.0,Corporate,On Time,0,4.0,0,0
ORD10535,2026-06-29,2026-07-02,second_class,1,1,11.73,3.05,145.94,1.18,Medium,500.0,Consumer,On Time,0,3.0,0,0
ORD10536,2026-06-19,2026-06-21,first_class,9,7,25.96,2.95,204.13,3.45,Low,500.0,Corporate,Late,1,2.0,2,0
ORD10537,2026-03-11,2026-03-12,standard,2,1,9.43,2.82,179.39,1.25,High,1000.0,Home Office,Late,1,1.0,1,0
ORD10538,2026-01-15,2026-01-19,first_class,4,4,29.4,5.35,166.43,4.15,Medium,1500.0,Home Office,On Time,0,4.0,0,0
ORD10539,2026-02-23,2026-02-24,same_day,3,1,15.9,11.25,85.91,2.21,unknown,750.0,Home Office,Late,1,1.0,2,0
ORD10540,2026-08-23,2026-08-25,standard,2,1,11.95,3.19,81.87,1.48,Medium,1000.0,Consumer,Late,1,2.0,1,0
ORD10541,2026-07-07,2026-07-08,standard,5,4,16.2,3.03,57.2,2.23,High,1500.0,Corporate,Late,1,1.0,1,0
ORD10542,2026-04-11,2026-04-14,standard,6,6,11.25,6.67,56.43,1.33,Low,1000.0,Consumer,On Time,0,3.0,0,0
ORD10543,2026-08-13,2026-08-17,first_class,6,6,5.71,1.51,127.19,0.55,Medium,1000.0,Home Office,On Time,0,4.0,0,0
ORD10544,2026-01-08,2026-01-12,standard,5,4,5.38,11.66,64.1,0.65,Medium,1000.0,Corporate,Late,1,4.0,1,0
ORD10545,2026-02-22,2026-02-25,standard,7,7,26.05,5.56,330.71,2.63,Low,750.0,Home Office,On Time,0,3.0,0,0
ORD10546,2026-03-01,2026-03-04,standard,5,5,23.78,5.64,106.9,3.22,Low,750.0,Corporate,On Time,0,3.0,0,0
ORD10547,2026-08-24,2026-08-28,same_day,1,1,20.01,12.32,339.01,2.08,High,500.0,Corporate,On Time,0,4.0,0,0
ORD10548,2026-04-18,2026-04-22,second_class,6,7,11.18,14.92,168.82,1.35,High,500.0,Consumer,On Time,0,4.0,-1,0
ORD10549,2026-01-05,2026-01-09,second_class,1,1,22.15,4.86,61.38,2.22,Low,1500.0,Corporate,On Time,0,4.0,0,0
ORD10550,2026-04-13,2026-04-15,second_class,6,5,8.74,3.01,104.95,1.16,High,1000.0,Home Office,Late,1,2.0,1,0
ORD10551,2026-07-15,2026-07-17,standard,6,6,18.05,4.09,31.34,1.7,Medium,1500.0,Corporate,On Time,0,2.0,0,0
ORD10552,2026-01-06,2026-01-08,second_class,7,7,12.8,2.94,126.83,1.61,Medium,500.0,Home Office,On Time,0,2.0,0,0
ORD10553,2026-04-19,2026-04-20,first_class,4,3,26.41,2.19,65.74,3.14,Medium,750.0,Consumer,Late,1,1.0,1,0
ORD10554,2026-08-12,2026-08-14,standard,3,3,44.11,1.91,47.7,4.08,High,500.0,Home Office,On Time,0,2.0,0,0
ORD10555,2026-04-26,2026-04-30,second_class,3,3,6.05,4.26,344.33,0.65,Medium,1500.0,Corporate,On Time,0,4.0,0,0
ORD10556,2026-04-04,2026-04-06,second_class,7,6,15.55,8.52,238.16,1.84,Low,500.0,Home Office,Late,1,2.0,1,0
ORD10557,2026-02-16,2026-02-20,second_class,6,6,63.65,6.11,233.29,5.89,High,1500.0,Home Office,On Time,0,4.0,0,0
ORD10558,2026-04-09,2026-04-12,standard,6,5,11.88,7.55,197.67,1.43,Medium,1500.0,Corporate,Late,1,3.0,1,0
ORD10559,2026-02-24,2026-02-25,same_day,2,1,11.73,6.73,43.55,1.59,Low,1500.0,Home Office,Late,1,1.0,1,0
ORD10560,2026-06-17,2026-06-18,same_day,5,5,16.25,1.07,81.42,1.48,Medium,1500.0,Corporate,On Time,0,1.0,0,0
ORD10561,2026-02-21,2026-02-24,standard,4,5,18.67,3.82,85.23,2.31,Medium,500.0,Consumer,On Time,0,3.0,-1,0
ORD10562,2026-05-24,2026-05-28,standard,8,6,46.84,5.65,30.5,4.5,High,1500.0,Home Office,Late,1,4.0,2,0
ORD10563,2026-01-13,2026-01-14,standard,3,3,25.47,5.18,72.4,3.32,Medium,1500.0,Consumer,On Time,0,1.0,0,0
ORD10564,2026-04-24,2026-04-26,same_day,3,2,12.89,3.4,73.0,1.3,Low,1000.0,Home Office,Late,1,2.0,1,0
ORD10565,2026-05-04,2026-05-08,first_class,2,1,34.81,6.24,120.84,3.83,Medium,1500.0,Home Office,Late,1,4.0,1,0
ORD10566,2026-04-16,2026-04-17,standard,6,6,13.45,12.29,734.57,1.23,Medium,500.0,Consumer,On Time,0,1.0,0,1
ORD10567,2026-06-07,2026-06-10,standard,3,3,11.93,8.01,108.24,1.3,Low,1500.0,Home Office,On Time,0,3.0,0,0
ORD10568,2026-05-27,2026-05-31,standard,7,7,30.18,10.77,120.89,4.25,Medium,750.0,Home Office,On Time,0,4.0,0,0
ORD10569,2026-05-25,2026-05-26,second_class,2,2,17.99,13.26,91.14,1.91,High,750.0,Consumer,On Time,0,1.0,0,0
ORD10570,2026-04-30,2026-05-03,standard,3,2,29.62,10.22,191.19,3.91,Low,1500.0,Home Office,Late,1,3.0,1,0
ORD10571,2026-03-04,2026-03-08,same_day,7,6,53.96,12.45,49.13,5.29,Medium,750.0,Corporate,Late,1,4.0,1,0
ORD10572,2026-01-19,2026-01-21,second_class,5,4,4.37,0.72,455.79,0.42,Low,750.0,Home Office,Late,1,2.0,1,1
ORD10573,2026-04-02,2026-04-06,second_class,1,1,12.15,6.44,100.17,1.36,Low,500.0,Home Office,On Time,0,4.0,0,0
ORD10574,2026-02-27,2026-03-01,standard,3,2,14.13,2.52,81.75,1.39,Medium,1000.0,Home Office,Late,1,2.0,1,0
ORD10575,2026-07-02,2026-07-06,standard,7,6,4.93,8.7,32000.0,0.65,Low,750.0,Consumer,Late,1,4.0,1,1
ORD10576,2026-03-31,2026-04-03,standard,7,6,15.42,9.62,56.36,1.72,High,750.0,Corporate,Late,1,3.0,1,0
ORD10577,2026-08-17,2026-08-19,standard,3,3,17.56,2.58,188.56,2.05,Low,1000.0,Corporate,On Time,0,2.0,0,0
ORD10578,2026-08-06,2026-08-08,standard,8,7,1.69,10.03,315.41,0.18,Medium,1000.0,Home Office,Late,1,2.0,1,0
ORD10579,2026-04-27,2026-05-01,same_day,5,4,33.63,5.46,91.74,4.69,Low,750.0,Consumer,Late,1,4.0,1,0
ORD10580,2026-03-03,2026-03-04,standard,1,1,10.12,5.61,512.67,1.01,High,1500.0,Consumer,On Time,0,1.0,0,1
ORD10581,2026-01-23,2026-01-25,standard,7,5,16.14,10.05,178.26,2.21,Medium,750.0,Corporate,Late,1,2.0,2,0
ORD10582,2026-05-07,2026-05-11,standard,6,7,32.2,2.86,179.92,3.35,Medium,1500.0,Consumer,On Time,0,4.0,-1,0
ORD10583,2026-05-17,2026-05-20,standard,7,7,6.85,10.0,306.25,0.97,Low,1500.0,Home Office,On Time,0,3.0,0,0
ORD10584,2026-05-20,2026-05-24,same_day,4,3,16.54,2.87,373.55,1.6,Medium,1500.0,Home Office,Late,1,4.0,1,1
ORD10585,2026-05-09,2026-05-13,standard,2,2,5.76,5.42,133.8,0.75,Low,1000.0,Consumer,On Time,0,4.0,0,0
ORD10586,2026-02-27,2026-03-01,standard,3,2,16.03,2.85,199.87,1.77,High,750.0,Home Office,Late,1,2.0,1,0
ORD10587,2026-05-02,2026-05-03,second_class,4,3,13.37,6.78,313.33,1.66,Medium,750.0,Corporate,Late,1,1.0,1,0
ORD10588,2026-01-01,2026-01-04,standard,5,6,24.51,6.62,46.0,2.48,Medium,500.0,Home Office,On Time,0,3.0,-1,0
ORD10589,2026-08-27,2026-08-29,standard,2,2,14.49,6.0,30.05,1.75,Medium,1000.0,Consumer,On Time,0,2.0,0,0
ORD10590,2026-02-03,2026-02-05,standard,5,4,5.4,3.85,105.3,0.55,Medium,500.0,Corporate,Late,1,2.0,1,0
ORD10591,2026-04-06,2026-04-08,standard,2,1,4.25,5.95,29.51,0.52,Medium,500.0,Home Office,Late,1,2.0,1,0
ORD10592,2026-05-06,2026-05-09,standard,8,7,4.02,0.82,86.88,0.4,Medium,1500.0,Corporate,Late,1,3.0,1,0
ORD10593,2026-04-28,2026-04-29,standard,8,7,15.09,4.81,139.18,2.12,Medium,1000.0,Consumer,Late,1,1.0,1,0
ORD10594,2026-02-17,2026-02-20,second_class,4,4,16.71,11.03,89.41,2.05,Medium,500.0,Home Office,On Time,0,3.0,0,0
ORD10595,2026-03-30,2026-04-02,standard,2,2,14.73,12.64,98.87,1.64,Medium,750.0,Home Office,On Time,0,3.0,0,0
ORD10596,2026-08-20,2026-08-21,second_class,8,7,19.71,6.34,51.87,2.75,Low,500.0,Corporate,Late,1,1.0,1,0
ORD10597,2026-08-25,2026-08-28,second_class,5,5,23.32,6.37,198.56,3.01,High,1000.0,Home Office,On Time,0,3.0,0,0
ORD10598,2026-04-27,2026-05-01,first_class,1,1,10.19,2.1,49.52,0.95,Medium,750.0,Home Office,On Time,0,4.0,0,0
ORD10599,2026-05-09,2026-05-12,standard,2,1,7.37,2.64,22.71,1.72,Medium,750.0,Home Office,Late,1,3.0,1,0
ORD10600,2026-01-16,2026-01-18,standard,8,7,21.88,0.66,94.11,2.2,High,750.0,Home Office,Late,1,2.0,1,0
ORD10601,2026-07-08,2026-07-11,second_class,4,3,23.0,7.11,218.39,2.87,Low,1500.0,Consumer,Late,1,3.0,1,0
ORD10602,2026-08-19,2026-08-21,first_class,7,7,10.03,17.3,116.73,1.25,High,750.0,Home Office,On Time,0,2.0,0,0
ORD10603,2026-07-11,2026-07-14,second_class,4,3,18.77,12.54,45.9,1.96,High,1500.0,Corporate,Late,1,3.0,1,0
ORD10604,2026-07-10,2026-07-12,standard,8,7,11.35,1.92,118.68,1.52,High,1500.0,Consumer,Late,1,2.0,1,0
ORD10605,2026-03-10,2026-03-12,same_day,6,5,7.08,2.42,152.74,0.66,High,500.0,Corporate,Late,1,2.0,1,0
ORD10606,2026-01-22,2026-01-24,standard,8,6,29.78,11.55,117.65,3.77,Medium,500.0,Corporate,Late,1,2.0,2,0
ORD10607,2026-04-03,2026-04-04,standard,1,1,42.7,5.43,90.16,3.88,Low,750.0,Corporate,On Time,0,1.0,0,0
ORD10608,2026-07-14,2026-07-17,standard,8,7,12.01,1.73,158.31,1.34,Medium,1000.0,Consumer,Late,1,3.0,1,0
ORD10609,2026-03-17,2026-03-20,standard,7,5,21.42,2.93,29.85,2.12,Low,750.0,Consumer,Late,1,3.0,2,0
ORD10610,2026-06-03,2026-06-07,standard,3,3,18.1,0.13,56.23,2.58,Low,500.0,Consumer,On Time,0,4.0,0,0
ORD10611,2026-05-24,2026-05-28,second_class,2,3,3.04,5.88,41.31,0.29,Medium,750.0,Home Office,On Time,0,4.0,-1,0
ORD10612,2026-06-28,2026-07-02,second_class,2,1,31.22,13.57,302.26,3.86,Low,500.0,Corporate,Late,1,4.0,1,0
ORD10613,2026-08-17,2026-08-20,second_class,4,4,18.8,6.08,187.55,1.94,High,750.0,Consumer,On Time,0,3.0,0,0
ORD10614,2026-03-27,2026-03-28,standard,6,7,40.75,7.0,126.32,3.99,High,1000.0,Corporate,On Time,0,1.0,-1,0
ORD10615,2026-07-04,2026-07-06,first_class,2,2,9.91,21.79,37.04,1.29,High,750.0,Consumer,On Time,0,2.0,0,0
ORD10616,2026-01-29,2026-02-01,standard,3,3,14.53,1.78,192.12,1.66,Medium,1000.0,Consumer,On Time,0,3.0,0,0
ORD10617,2026-07-25,2026-07-26,standard,6,6,7.04,13.53,311.03,0.78,High,1000.0,Consumer,On Time,0,1.0,0,0
ORD10618,2026-08-08,2026-08-09,standard,6,6,15.25,4.97,168.78,1.85,High,750.0,Corporate,On Time,0,1.0,0,0
ORD10619,2026-03-10,2026-03-13,standard,5,3,14.04,2.94,107.08,1.57,Medium,1000.0,Home Office,Late,1,3.0,2,0
ORD10620,2026-02-16,2026-02-18,standard,5,4,2.23,7.5,176.58,0.27,Low,1000.0,Consumer,Late,1,2.0,1,0
ORD10621,2026-04-04,2026-04-05,standard,5,4,51.21,3.45,134.92,6.07,High,500.0,Consumer,Late,1,1.0,1,0
ORD10622,2026-08-26,2026-08-29,first_class,5,5,5.52,3.67,220.2,0.57,High,500.0,Consumer,On Time,0,3.0,0,0
ORD10623,2026-07-09,2026-07-11,same_day,7,6,21.6,10.93,216.54,2.27,Medium,1000.0,Home Office,Late,1,2.0,1,0
ORD10624,2026-07-16,2026-07-20,standard,6,5,18.55,12.05,93.15,2.34,Low,1500.0,Corporate,Late,1,4.0,1,0
ORD10625,2026-07-23,2026-07-24,same_day,7,6,38.42,5.99,66.99,3.63,Medium,750.0,Corporate,Late,1,1.0,1,0
ORD10626,2026-05-24,2026-05-25,second_class,7,7,42.18,19.15,81.46,4.04,Low,1000.0,Corporate,On Time,0,1.0,0,0
ORD10627,2026-08-06,2026-08-09,first_class,7,7,6.31,5.95,164.33,0.7,High,750.0,Corporate,On Time,0,3.0,0,0
ORD10628,2026-08-06,2026-08-09,first_class,3,2,7.82,24.01,85.24,0.9,High,500.0,Consumer,Late,1,3.0,1,0
ORD10629,2026-06-25,2026-06-27,standard,8,7,24.31,15.01,62.62,2.86,Low,750.0,Home Office,Late,1,2.0,1,0
ORD10630,2026-03-26,2026-03-30,second_class,3,2,7.35,14.59,109.87,0.75,Medium,1000.0,Consumer,Late,1,4.0,1,0
ORD10631,2026-02-08,2026-02-12,first_class,8,7,55.23,9.72,252.29,5.7,Low,1000.0,Home Office,Late,1,4.0,1,0
ORD10632,2026-04-10,2026-04-13,same_day,1,1,20.55,8.64,121.67,2.64,Medium,1000.0,Corporate,On Time,0,3.0,0,0
ORD10633,2026-02-02,2026-02-05,first_class,8,7,32.53,7.03,89.37,3.36,Low,1000.0,Home Office,Late,1,3.0,1,0
ORD10634,2026-08-10,2026-08-12,second_class,5,5,7.31,13.76,139.82,0.91,Medium,1500.0,Consumer,On Time,0,2.0,0,0
ORD10635,2026-04-11,2026-04-14,second_class,4,3,15.42,12.64,117.1,4.58,Medium,1500.0,Consumer,Late,1,3.0,1,0
ORD10636,2026-01-23,2026-01-25,standard,7,5,4.08,7.93,25.78,0.42,Low,1500.0,Corporate,Late,1,2.0,2,0
ORD10637,2026-01-10,2026-01-12,standard,4,3,17.0,4.08,185.41,1.77,Medium,1000.0,Consumer,Late,1,2.0,1,0
ORD10638,2026-03-10,2026-03-14,standard,4,4,16.58,1.32,149.25,1.92,Low,1500.0,Consumer,On Time,0,4.0,0,0
ORD10639,2026-04-10,2026-04-12,standard,5,5,38.87,9.74,111.29,4.27,Medium,750.0,Home Office,On Time,0,2.0,0,0
ORD10640,2026-02-03,2026-02-07,standard,5,4,8.54,6.33,243.9,0.79,Low,1000.0,Consumer,Late,1,4.0,1,0
ORD10641,2026-06-29,2026-07-03,second_class,3,2,51.89,10.26,273.08,5.53,Medium,500.0,Corporate,Late,1,4.0,1,0
ORD10642,2026-08-11,2026-08-15,first_class,3,2,25.26,11.46,200.15,2.62,High,1000.0,Corporate,Late,1,4.0,1,0
ORD10643,2026-05-18,2026-05-21,same_day,1,1,19.62,0.39,58.11,2.7,High,750.0,Consumer,On Time,0,3.0,0,0
ORD10644,2026-05-27,2026-05-31,second_class,7,7,25.38,3.79,59.63,3.31,High,1500.0,Corporate,On Time,0,4.0,0,0
ORD10645,2026-07-05,2026-07-07,first_class,6,5,13.49,4.27,254.17,1.64,unknown,1000.0,Home Office,Late,1,2.0,1,0
ORD10646,2026-04-06,2026-04-09,same_day,5,4,3.31,1.68,26.9,0.36,Low,1500.0,Home Office,Late,1,3.0,1,0
ORD10647,2026-01-01,2026-01-03,first_class,5,3,5.84,8.12,98.33,0.58,Low,1000.0,Consumer,Late,1,2.0,2,0
ORD10648,2026-03-10,2026-03-13,second_class,2,2,23.02,9.65,152.91,2.78,Medium,750.0,Consumer,On Time,0,3.0,0,0
ORD10649,2026-08-25,2026-08-27,standard,8,7,7.86,6.86,29.58,0.93,High,1000.0,Home Office,Late,1,2.0,1,0
ORD10650,2026-01-04,2026-01-05,standard,2,2,10.36,1.51,131.07,1.29,High,1500.0,Corporate,On Time,0,1.0,0,0
ORD10651,2026-01-16,2026-01-17,standard,4,3,31.36,8.78,224.94,3.91,Low,1500.0,Consumer,Late,1,1.0,1,0
ORD10652,2026-01-24,2026-01-25,first_class,8,7,18.21,4.08,36.08,1.69,Medium,750.0,Consumer,Late,1,1.0,1,0
ORD10653,2026-03-21,2026-03-23,first_class,7,7,37.68,3.73,381.32,3.95,Low,1000.0,Corporate,On Time,0,2.0,0,1
ORD10654,2026-01-02,2026-01-05,standard,4,4,10.29,12.12,51.55,1.35,Medium,500.0,Consumer,On Time,0,3.0,0,0
ORD10655,2026-08-08,2026-08-12,standard,5,4,13.49,16.91,169.2,1.36,Medium,1000.0,Corporate,Late,1,4.0,1,0
ORD10656,2026-05-08,2026-05-12,same_day,6,5,30.29,9.15,103.27,3.06,Low,750.0,Corporate,Late,1,4.0,1,0
ORD10657,2026-06-09,2026-06-11,first_class,5,5,20.08,4.12,115.83,2.08,Medium,500.0,Corporate,On Time,0,2.0,0,0
ORD10658,2026-08-07,2026-08-09,standard,6,6,54.68,4.89,41.99,7.25,Medium,750.0,Corporate,On Time,0,2.0,0,0
ORD10659,2026-03-25,2026-03-27,second_class,7,6,5.94,10.29,282.97,0.69,Medium,1000.0,Corporate,Late,1,2.0,1,0
ORD10660,2026-06-01,2026-06-03,second_class,2,1,6.35,1.16,140.39,0.85,Low,500.0,Home Office,Late,1,2.0,1,0
ORD10661,2026-05-20,2026-05-24,same_day,2,2,17.55,28.23,370.79,1.71,High,750.0,Corporate,On Time,0,4.0,0,1
ORD10662,2026-06-27,2026-06-30,standard,6,5,20.11,6.13,42.82,2.09,Medium,1500.0,Home Office,Late,1,3.0,1,0
ORD10663,2026-06-12,2026-06-16,standard,4,4,6.68,5.79,95.97,0.74,High,500.0,Corporate,On Time,0,4.0,0,0
ORD10664,2026-05-04,2026-05-06,standard,3,3,27.68,5.71,128.66,3.31,High,500.0,Consumer,On Time,0,2.0,0,0
ORD10665,2026-02-02,2026-02-03,standard,4,4,21.93,2.71,115.04,2.83,Low,750.0,Home Office,On Time,0,1.0,0,0
ORD10666,2026-06-10,2026-06-14,second_class,3,2,9.16,12.41,181.29,1.23,Low,1500.0,Consumer,Late,1,4.0,1,0
ORD10667,2026-07-08,2026-07-09,standard,6,6,17.1,5.95,95.07,1.57,Medium,500.0,Corporate,On Time,0,1.0,0,0
ORD10668,2026-06-28,2026-06-29,same_day,5,4,27.11,0.88,539.97,3.48,Low,750.0,Corporate,Late,1,1.0,1,1
ORD10669,2026-06-20,2026-06-22,standard,1,1,17.05,8.3,113.28,2.36,High,500.0,Consumer,On Time,0,2.0,0,0
ORD10670,2026-04-11,2026-04-15,same_day,4,2,6.13,10.68,12.64,0.57,Medium,500.0,Corporate,Late,1,4.0,2,0
ORD10671,2026-01-12,2026-01-15,standard,7,6,5.34,9.34,117.11,0.58,High,500.0,Consumer,Late,1,3.0,1,0
ORD10672,2026-03-08,2026-03-12,second_class,4,3,24.54,8.15,283.18,2.41,Low,1500.0,Corporate,Late,1,4.0,1,0
ORD10673,2026-03-06,2026-03-09,same_day,7,6,16.18,14.0,55.01,2.26,Low,1000.0,Corporate,Late,1,3.0,1,0
ORD10674,2026-06-10,2026-06-13,same_day,8,7,10.85,4.32,52.45,1.17,Medium,1000.0,Home Office,Late,1,3.0,1,0
ORD10675,2026-06-17,2026-06-19,standard,2,1,9.22,5.65,58.54,1.07,Low,1500.0,Consumer,Late,1,2.0,1,0
ORD10676,2026-03-15,2026-03-18,standard,2,2,8.83,2.31,49.04,0.88,Medium,1500.0,Corporate,On Time,0,3.0,0,0
ORD10677,2026-02-12,2026-02-16,second_class,3,3,11.03,24.79,76.74,1.54,High,750.0,Consumer,On Time,0,4.0,0,0
ORD10678,2026-02-13,2026-02-17,standard,2,1,13.0,5.95,217.45,1.51,Medium,500.0,Home Office,Late,1,4.0,1,0
ORD10679,2026-01-29,2026-01-30,standard,6,6,14.9,9.33,345.42,1.46,Medium,1500.0,Consumer,On Time,0,1.0,0,0
ORD10680,2026-05-21,2026-05-24,standard,1,1,6.64,3.97,17.85,0.73,Low,750.0,Home Office,On Time,0,3.0,0,0
ORD10681,2026-01-12,2026-01-14,first_class,2,2,6.48,5.77,82.78,0.7,Low,1000.0,Consumer,On Time,0,2.0,0,0
ORD10682,2026-04-05,2026-04-07,first_class,5,5,14.27,0.34,137.97,1.93,High,1000.0,Consumer,On Time,0,2.0,0,0
ORD10683,2026-02-15,2026-02-19,standard,2,1,17.47,9.68,128.0,2.32,High,1000.0,Home Office,Late,1,4.0,1,0
ORD10684,2026-05-10,2026-05-13,standard,6,7,4.62,23.21,457.12,0.48,Medium,1000.0,Corporate,On Time,0,3.0,-1,1
ORD10685,2026-02-04,2026-02-06,standard,3,1,27.64,9.49,24.34,2.85,High,750.0,Corporate,Late,1,2.0,2,0
ORD10686,2026-08-03,2026-08-06,first_class,7,6,11.65,0.14,15.77,1.07,Medium,500.0,Corporate,Late,1,3.0,1,0
ORD10687,2026-03-22,2026-03-25,standard,7,6,23.2,7.96,516.29,2.36,Low,750.0,Consumer,Late,1,3.0,1,1
ORD10688,2026-03-31,2026-04-01,standard,3,3,24.81,1.55,193.46,2.76,Low,500.0,Consumer,On Time,0,1.0,0,0
ORD10689,2026-01-08,2026-01-10,same_day,6,6,15.42,1.96,71.63,1.58,High,1000.0,Corporate,On Time,0,2.0,0,0
ORD10690,2026-04-03,2026-04-04,same_day,6,4,11.52,9.29,125.05,1.55,Low,1500.0,Consumer,Late,1,1.0,2,0
ORD10691,2026-06-03,2026-06-05,same_day,3,2,28.78,8.02,131.95,3.27,Medium,1500.0,Consumer,Late,1,2.0,1,0
ORD10692,2026-07-21,2026-07-24,second_class,3,2,21.33,10.14,70.34,2.62,Medium,1500.0,Corporate,Late,1,3.0,1,0
ORD10693,2026-03-31,2026-04-02,standard,5,5,18.44,8.07,122.28,2.49,Medium,500.0,Home Office,On Time,0,2.0,0,0
ORD10694,2026-06-11,2026-06-15,second_class,6,5,9.01,5.95,143.47,0.9,Medium,1000.0,Consumer,Late,1,4.0,1,0
ORD10695,2026-04-25,2026-04-28,standard,3,2,21.14,9.81,498.52,2.34,Low,750.0,Consumer,Late,1,3.0,1,1
ORD10696,2026-04-15,2026-04-17,first_class,7,7,25.7,1.23,226.46,2.79,Low,1500.0,Consumer,On Time,0,2.0,0,0
ORD10697,2026-05-15,2026-05-16,standard,6,5,7.37,11.81,405.25,0.85,Medium,500.0,Consumer,Late,1,1.0,1,1
ORD10698,2026-07-15,2026-07-16,first_class,4,3,32.18,1.61,40.14,3.64,Medium,1500.0,Home Office,Late,1,1.0,1,0
ORD10699,2026-02-27,2026-03-02,first_class,7,6,22.74,7.76,84.74,3.05,Medium,750.0,Corporate,Late,1,3.0,1,0
ORD10700,2026-04-24,2026-04-25,standard,2,2,19.32,14.51,131.85,1.99,Medium,1000.0,Consumer,On Time,0,1.0,0,0
ORD10701,2026-08-25,2026-08-28,second_class,6,5,12.18,2.15,26.03,1.4,Low,750.0,Corporate,Late,1,3.0,1,0
ORD10702,2026-03-16,2026-03-19,standard,4,2,39.41,10.4,266.77,3.84,High,1000.0,Consumer,Late,1,3.0,2,0
ORD10703,2026-06-06,2026-06-09,standard,5,4,8.05,9.5,177.98,1.03,Medium,1000.0,Home Office,Late,1,3.0,1,0
ORD10704,2026-04-30,2026-05-02,standard,2,1,16.47,6.56,83.48,2.11,Low,1000.0,Corporate,Late,1,2.0,1,0
ORD10705,2026-06-13,2026-06-16,standard,7,6,12.26,0.85,95.82,1.28,Medium,1500.0,Home Office,Late,1,3.0,1,0
ORD10706,2026-08-05,2026-08-06,standard,3,2,4.82,7.89,281.58,0.46,High,750.0,Consumer,Late,1,1.0,1,0
ORD10707,2026-01-21,2026-01-25,same_day,2,1,7.46,6.76,60.55,0.84,High,1500.0,Home Office,Late,1,4.0,1,0
ORD10708,2026-06-13,2026-06-15,standard,5,5,24.44,10.91,290.22,2.47,Low,750.0,Home Office,On Time,0,2.0,0,0
ORD10709,2026-05-18,2026-05-19,standard,1,1,46.4,2.2,91.01,4.22,Medium,500.0,Consumer,On Time,0,1.0,0,0
ORD10710,2026-04-11,2026-04-14,standard,6,6,25.28,14.02,193.83,2.31,Low,500.0,Consumer,On Time,0,3.0,0,0
ORD10711,2026-07-20,2026-07-23,first_class,1,2,21.37,6.45,117.34,2.14,Low,750.0,Corporate,On Time,0,3.0,-1,0
ORD10712,2026-06-01,2026-06-05,second_class,4,4,47.84,5.49,586.92,4.8,Medium,750.0,Consumer,On Time,0,4.0,0,1
ORD10713,2026-07-11,2026-07-12,first_class,7,7,6.87,14.48,56.51,0.86,Medium,750.0,Corporate,On Time,0,1.0,0,0
ORD10714,2026-08-15,2026-08-17,second_class,6,5,8.77,11.86,71.52,0.85,Medium,750.0,Home Office,Late,1,2.0,1,0
ORD10715,2026-06-26,2026-06-27,same_day,2,2,18.61,11.7,35.53,2.16,Low,1000.0,Home Office,On Time,0,1.0,0,0
ORD10716,2026-04-09,2026-04-12,second_class,6,6,16.63,2.82,48.3,1.53,Low,1500.0,Corporate,On Time,0,3.0,0,0
ORD10717,2026-08-28,2026-08-30,second_class,5,5,16.9,8.89,187.7,2.31,Medium,1000.0,Consumer,On Time,0,2.0,0,0
ORD10718,2026-02-05,2026-02-08,standard,4,3,10.6,1.2,365.08,1.21,Low,1500.0,Consumer,Late,1,3.0,1,1
ORD10719,2026-07-29,2026-08-01,first_class,1,1,17.08,3.32,204.36,1.85,Low,1500.0,Home Office,On Time,0,3.0,0,0
ORD10720,2026-08-19,2026-08-20,first_class,7,7,3.41,3.55,109.5,0.4,Low,1500.0,Corporate,On Time,0,1.0,0,0
ORD10721,2026-04-06,2026-04-10,second_class,6,6,37.46,10.01,56.25,4.78,Medium,1000.0,Home Office,On Time,0,4.0,0,0
ORD10722,2026-06-01,2026-06-04,second_class,4,3,18.78,12.84,215.68,2.0,Low,750.0,Home Office,Late,1,3.0,1,0
ORD10723,2026-05-31,2026-06-01,second_class,4,2,26.01,5.93,53.98,2.59,Medium,1000.0,Consumer,Late,1,1.0,2,0
ORD10724,2026-07-09,2026-07-11,second_class,6,4,17.86,4.79,39.98,1.86,Low,1000.0,Corporate,Late,1,2.0,2,0
ORD10725,2026-08-12,2026-08-16,standard,5,5,27.14,10.66,87.24,3.42,Low,1500.0,Home Office,On Time,0,4.0,0,0
ORD10726,2026-02-06,2026-02-09,standard,2,1,15.61,6.56,23.92,1.57,Medium,500.0,Consumer,Late,1,3.0,1,0
ORD10727,2026-01-12,2026-01-15,standard,6,5,33.06,6.5,39.02,4.12,Low,500.0,Home Office,Late,1,3.0,1,0
ORD10728,2026-04-23,2026-04-25,same_day,7,7,7.11,3.53,452.37,0.92,Medium,1000.0,Home Office,On Time,0,2.0,0,1
ORD10729,2026-07-02,2026-07-03,second_class,2,2,30.73,6.63,33.95,3.15,Low,1500.0,Consumer,On Time,0,1.0,0,0
ORD10730,2026-01-13,2026-01-16,second_class,5,5,30.72,2.32,45.1,2.96,Medium,1000.0,Consumer,On Time,0,3.0,0,0
ORD10731,2026-01-23,2026-01-25,second_class,2,1,3.03,3.78,116.03,0.34,Low,1000.0,Corporate,Late,1,2.0,1,0
ORD10732,2026-08-05,2026-08-08,second_class,2,2,8.37,15.56,120.65,0.92,Low,750.0,Home Office,On Time,0,3.0,0,0
ORD10733,2026-04-09,2026-04-10,same_day,5,5,23.29,5.26,92.21,2.84,Medium,1500.0,Corporate,On Time,0,1.0,0,0
ORD10734,2026-04-15,2026-04-19,second_class,4,4,17.04,9.71,24.47,1.9,High,500.0,Consumer,On Time,0,4.0,0,0
ORD10735,2026-01-30,2026-01-31,first_class,7,6,13.15,3.73,207.76,1.75,Low,500.0,Consumer,Late,1,1.0,1,0
ORD10736,2026-01-17,2026-01-18,second_class,3,2,4.68,15.13,78.86,0.43,Medium,500.0,Home Office,Late,1,1.0,1,0
ORD10737,2026-04-23,2026-04-24,standard,7,6,27.97,5.11,274.61,2.74,Medium,1000.0,Corporate,Late,1,1.0,1,0
ORD10738,2026-03-03,2026-03-05,second_class,3,2,14.45,15.36,67.79,1.49,Medium,1500.0,Corporate,Late,1,2.0,1,0
ORD10739,2026-03-25,2026-03-28,standard,4,4,15.04,2.95,229.72,1.64,High,750.0,Home Office,On Time,0,3.0,0,0
ORD10740,2026-04-22,2026-04-26,standard,6,6,17.05,4.15,290.63,1.68,Low,500.0,Home Office,On Time,0,4.0,0,0
ORD10741,2026-08-05,2026-08-07,second_class,3,3,18.28,4.74,77.46,2.04,High,1500.0,Corporate,On Time,0,2.0,0,0
ORD10742,2026-03-27,2026-03-28,first_class,3,1,7.65,4.26,212.8,0.93,Medium,500.0,Consumer,Late,1,1.0,2,0
ORD10743,2026-05-21,2026-05-25,same_day,5,3,15.27,10.96,40.59,2.0,Low,750.0,Consumer,Late,1,4.0,2,0
ORD10744,2026-07-06,2026-07-07,standard,6,5,22.84,10.87,133.99,2.38,High,1500.0,Home Office,Late,1,1.0,1,0
ORD10745,2026-01-19,2026-01-20,standard,4,4,7.63,7.15,274.97,0.71,Medium,1000.0,Corporate,On Time,0,1.0,0,0
ORD10746,2026-06-26,2026-06-27,standard,3,3,34.45,9.65,162.21,4.52,Medium,1000.0,Corporate,On Time,0,1.0,0,0
ORD10747,2026-04-10,2026-04-14,standard,2,2,29.6,29.15,668.25,3.83,Medium,500.0,Corporate,On Time,0,4.0,0,1
ORD10748,2026-05-20,2026-05-23,standard,6,5,11.72,8.15,169.15,1.34,Medium,500.0,Consumer,Late,1,3.0,1,0
ORD10749,2026-07-08,2026-07-09,standard,6,5,12.45,10.65,83.6,1.22,Low,1500.0,Consumer,Late,1,1.0,1,0
ORD10750,2026-08-21,2026-08-24,standard,4,3,21.96,3.07,925.81,2.69,Medium,750.0,Corporate,Late,1,3.0,1,1
ORD10751,2026-05-27,2026-05-31,standard,4,3,19.97,3.75,374.38,2.49,Low,500.0,Corporate,Late,1,4.0,1,1
ORD10752,2026-03-17,2026-03-21,standard,4,4,9.7,1.84,33.04,1.02,High,1500.0,Home Office,On Time,0,4.0,0,0
ORD10753,2026-01-09,2026-01-10,second_class,1,1,33.55,6.66,61.06,3.67,High,750.0,Home Office,On Time,0,1.0,0,0
ORD10754,2026-07-18,2026-07-21,standard,2,3,15.6,6.22,50.47,2.15,Medium,500.0,Corporate,On Time,0,3.0,-1,0
ORD10755,2026-01-28,2026-01-31,first_class,8,7,4.64,1.31,178.43,0.63,Medium,500.0,Corporate,Late,1,3.0,1,0
ORD10756,2026-07-25,2026-07-26,second_class,3,3,9.63,6.98,168.74,1.01,Low,1500.0,Consumer,On Time,0,1.0,0,0
ORD10757,2026-08-11,2026-08-13,standard,7,6,4.0,5.95,167.77,0.45,Low,500.0,Corporate,Late,1,2.0,1,0
ORD10758,2026-05-08,2026-05-10,same_day,3,2,95.0,12.1,32.38,8.73,High,1000.0,Home Office,Late,1,2.0,1,0
ORD10759,2026-02-21,2026-02-25,second_class,7,7,3.97,4.5,68.13,0.41,Low,750.0,Consumer,On Time,0,4.0,0,0
ORD10760,2026-03-24,2026-03-28,second_class,7,7,14.03,10.08,98.3,1.99,Medium,750.0,Home Office,On Time,0,4.0,0,0
ORD10761,2026-04-21,2026-04-23,standard,6,6,8.72,9.17,28.04,0.98,High,1000.0,Home Office,On Time,0,2.0,0,0
ORD10762,2026-05-24,2026-05-26,second_class,7,6,2.5,9.07,57.18,0.29,High,1500.0,Consumer,Late,1,2.0,1,0
ORD10763,2026-04-27,2026-04-29,second_class,5,5,40.35,2.74,304.09,5.43,Medium,1000.0,Home Office,On Time,0,2.0,0,0
ORD10764,2026-03-10,2026-03-11,standard,1,1,7.76,5.47,34.28,0.73,Medium,1000.0,Corporate,On Time,0,1.0,0,0
ORD10765,2026-04-09,2026-04-10,standard,3,2,24.66,13.2,327.49,2.41,Medium,750.0,Home Office,Late,1,1.0,1,0
ORD10766,2026-05-20,2026-05-21,standard,5,4,5.93,10.99,249.23,0.75,High,1500.0,Consumer,Late,1,1.0,1,0
ORD10767,2026-01-25,2026-01-26,second_class,7,7,24.09,1.4,88.41,3.0,Medium,500.0,Consumer,On Time,0,1.0,0,0
ORD10768,2026-06-29,2026-06-30,standard,5,4,2.2,9.38,67.58,0.31,Medium,1000.0,Consumer,Late,1,1.0,1,0
ORD10769,2026-05-03,2026-05-04,second_class,4,3,42.04,1.15,205.18,5.14,Low,1000.0,Home Office,Late,1,1.0,1,0
ORD10770,2026-08-01,2026-08-05,standard,4,3,12.68,4.48,60.9,1.36,Low,1500.0,Corporate,Late,1,4.0,1,0
ORD10771,2026-08-16,2026-08-19,second_class,4,4,5.79,7.83,63.21,0.67,Medium,1000.0,Consumer,On Time,0,3.0,0,0
ORD10772,2026-02-22,2026-02-26,standard,3,3,36.46,8.04,108.0,3.35,High,1500.0,Corporate,On Time,0,4.0,0,0
ORD10773,2026-05-31,2026-06-03,standard,2,1,9.82,1.32,22.25,1.36,High,500.0,Consumer,Late,1,3.0,1,0
ORD10774,2026-05-24,2026-05-28,first_class,6,6,15.42,2.64,37.06,0.45,High,1500.0,Corporate,On Time,0,4.0,0,0
ORD10775,2026-02-26,2026-03-02,standard,4,3,17.39,17.42,86.77,1.67,Medium,500.0,Corporate,Late,1,4.0,1,0
ORD10776,2026-02-08,2026-02-09,standard,6,5,10.71,1.86,157.08,1.2,Medium,1500.0,Corporate,Late,1,1.0,1,0
ORD10777,2026-04-19,2026-04-20,standard,4,3,15.9,3.43,60.27,2.27,High,1000.0,Consumer,Late,1,1.0,1,0
ORD10778,2026-06-30,2026-07-03,first_class,2,2,23.62,0.09,94.8,2.96,Medium,500.0,Home Office,On Time,0,3.0,0,0
ORD10779,2026-02-11,2026-02-14,same_day,1,1,11.29,19.67,32.78,1.36,Low,1000.0,Home Office,On Time,0,3.0,0,0
ORD10780,2026-07-05,2026-07-06,second_class,2,2,27.08,2.2,221.27,2.49,Medium,500.0,Home Office,On Time,0,1.0,0,0
ORD10781,2026-06-16,2026-06-20,standard,3,2,24.64,2.74,129.68,2.31,High,1500.0,Corporate,Late,1,4.0,1,0
ORD10782,2026-05-22,2026-05-25,standard,5,5,0.35,1.14,138.57,0.03,Low,1500.0,Consumer,On Time,0,3.0,0,0
ORD10783,2026-08-11,2026-08-13,first_class,1,1,33.15,5.25,158.57,3.22,High,1500.0,Corporate,On Time,0,2.0,0,0
ORD10784,2026-05-02,2026-05-04,second_class,1,1,13.18,4.31,116.58,1.57,Low,750.0,Consumer,On Time,0,2.0,0,0
ORD10785,2026-05-13,2026-05-15,standard,1,1,23.46,15.12,76.49,2.21,Medium,750.0,Corporate,On Time,0,2.0,0,0
ORD10786,2026-06-12,2026-06-15,standard,1,1,8.9,14.13,256.53,0.81,Medium,500.0,Consumer,On Time,0,3.0,0,0
ORD10787,2026-08-03,2026-08-04,standard,1,1,16.45,20.98,123.68,1.96,Medium,750.0,Consumer,On Time,0,1.0,0,0
ORD10788,2026-08-09,2026-08-10,second_class,6,5,9.43,8.81,97.1,1.17,Medium,1500.0,Consumer,Late,1,1.0,1,0
ORD10789,2026-08-23,2026-08-24,standard,2,3,9.38,2.11,109.24,1.02,High,750.0,Corporate,On Time,0,1.0,-1,0
ORD10790,2026-03-16,2026-03-19,second_class,2,2,9.34,5.69,107.5,1.21,Medium,750.0,Home Office,On Time,0,3.0,0,0
ORD10791,2026-05-26,2026-05-29,standard,2,1,6.67,2.69,96.37,0.94,Low,1000.0,Corporate,Late,1,3.0,1,0
ORD10792,2026-08-27,2026-08-29,standard,8,7,37.71,1.48,153.64,3.5,Medium,500.0,Corporate,Late,1,2.0,1,0
ORD10793,2026-03-17,2026-03-20,standard,3,3,10.27,18.3,54.49,0.96,Low,500.0,Consumer,On Time,0,3.0,0,0
ORD10794,2026-01-09,2026-01-11,standard,3,3,9.52,10.23,57.56,1.24,Low,500.0,Consumer,On Time,0,2.0,0,0
ORD10795,2026-03-15,2026-03-17,standard,3,2,24.48,9.21,167.24,2.84,Medium,750.0,Home Office,Late,1,2.0,1,0
ORD10796,2026-07-05,2026-07-06,standard,5,5,4.37,1.14,98.6,0.42,High,1500.0,Home Office,On Time,0,1.0,0,0
ORD10797,2026-08-24,2026-08-27,standard,3,4,10.41,7.25,227.82,1.08,Medium,1000.0,Consumer,On Time,0,3.0,-1,0
ORD10798,2026-05-25,2026-05-26,standard,4,4,11.39,4.35,149.4,1.33,Medium,500.0,Home Office,On Time,0,1.0,0,0
ORD10799,2026-08-18,2026-08-19,standard,3,3,6.22,6.54,72.64,0.62,Medium,750.0,Home Office,On Time,0,1.0,0,0
ORD10800,2026-01-07,2026-01-10,same_day,7,6,2.82,0.7,169.24,0.27,Low,1500.0,Consumer,Late,1,3.0,1,0
ORD10801,2026-06-23,2026-06-26,first_class,7,6,16.44,8.72,269.86,1.54,unknown,1000.0,Corporate,Late,1,3.0,1,0
ORD10802,2026-05-21,2026-05-25,first_class,3,2,20.76,0.51,153.74,2.44,Medium,1000.0,Home Office,Late,1,4.0,1,0
ORD10803,2026-06-17,2026-06-19,standard,4,4,13.39,5.18,181.13,1.74,High,500.0,Consumer,On Time,0,2.0,0,0
ORD10804,2026-06-19,2026-06-23,standard,3,3,37.18,7.41,96.66,3.49,Low,500.0,Home Office,On Time,0,4.0,0,0
ORD10805,2026-05-17,2026-05-19,standard,6,5,18.61,10.19,231.55,2.53,Low,1500.0,Home Office,Late,1,2.0,1,0
ORD10806,2026-06-27,2026-06-29,first_class,4,4,14.41,7.9,71.13,1.46,High,750.0,Consumer,On Time,0,2.0,0,0
ORD10807,2026-01-27,2026-01-29,standard,3,3,20.39,9.14,141.73,2.7,Medium,1500.0,Home Office,On Time,0,2.0,0,0
ORD10808,2026-05-02,2026-05-03,standard,4,3,10.82,7.72,755.31,1.26,Low,500.0,Home Office,Late,1,1.0,1,1
ORD10809,2026-07-13,2026-07-14,second_class,2,1,27.78,2.76,164.71,3.21,Low,1500.0,Home Office,Late,1,1.0,1,0
ORD10810,2026-01-05,2026-01-08,standard,5,5,11.26,1.12,80.2,1.47,High,750.0,Corporate,On Time,0,3.0,0,0
ORD10811,2026-01-29,2026-01-31,standard,2,1,10.45,13.06,80.04,0.98,Medium,1000.0,Corporate,Late,1,2.0,1,0
ORD10812,2026-06-14,2026-06-16,standard,2,2,18.61,16.15,104.22,2.65,Medium,1000.0,Home Office,On Time,0,2.0,0,0
ORD10813,2026-06-15,2026-06-17,first_class,1,1,10.55,4.99,208.19,1.0,Low,1000.0,Consumer,On Time,0,2.0,0,0
ORD10814,2026-03-24,2026-03-25,second_class,6,7,2.37,3.3,122.65,0.22,Medium,1000.0,Home Office,On Time,0,1.0,-1,0
ORD10815,2026-05-16,2026-05-19,standard,2,1,21.0,0.68,67.6,2.54,High,500.0,Home Office,Late,1,3.0,1,0
ORD10816,2026-08-28,2026-08-29,standard,8,7,25.4,3.85,67.51,2.59,Low,500.0,Corporate,Late,1,1.0,1,0
ORD10817,2026-04-19,2026-04-23,first_class,5,4,12.65,3.0,123.23,1.58,Medium,750.0,Corporate,Late,1,4.0,1,0
ORD10818,2026-03-06,2026-03-10,standard,6,6,17.91,1.76,113.5,1.78,High,750.0,Corporate,On Time,0,4.0,0,0
ORD10819,2026-03-27,2026-03-31,second_class,3,3,11.67,13.73,154.66,1.26,Low,750.0,Home Office,On Time,0,4.0,0,0
ORD10820,2026-05-25,2026-05-28,first_class,8,7,16.42,9.31,218.79,2.0,Medium,750.0,Home Office,Late,1,3.0,1,0
ORD10821,2026-03-12,2026-03-16,standard,5,5,7.11,9.45,850.24,0.83,Medium,1500.0,Consumer,On Time,0,4.0,0,1
ORD10822,2026-08-05,2026-08-08,standard,1,1,56.55,5.25,36.73,5.79,Medium,750.0,Home Office,On Time,0,3.0,0,0
ORD10823,2026-02-14,2026-02-15,first_class,9,7,47.46,2.46,184.04,4.47,Medium,1000.0,Home Office,Late,1,1.0,2,0
ORD10824,2026-05-12,2026-05-13,standard,6,5,6.22,6.56,118.36,0.83,Medium,1000.0,Corporate,Late,1,1.0,1,0
ORD10825,2026-02-05,2026-02-08,standard,6,6,14.41,6.13,27.57,1.55,Medium,1000.0,Corporate,On Time,0,3.0,0,0
ORD10826,2026-03-11,2026-03-12,second_class,5,6,17.07,1.08,280.66,2.13,Medium,1500.0,Corporate,On Time,0,1.0,-1,0
ORD10827,2026-06-08,2026-06-09,standard,1,1,17.59,9.47,150.79,1.72,Medium,750.0,Corporate,On Time,0,1.0,0,0
ORD10828,2026-01-19,2026-01-22,standard,3,2,28.2,5.75,200.31,3.87,Low,1000.0,Corporate,Late,1,3.0,1,0
ORD10829,2026-07-08,2026-07-12,standard,2,1,9.6,6.14,30.74,0.98,Medium,1000.0,Consumer,Late,1,4.0,1,0
ORD10830,2026-04-18,2026-04-21,first_class,5,4,20.09,3.42,93.19,2.61,High,1000.0,Consumer,Late,1,3.0,1,0
ORD10831,2026-07-01,2026-07-03,standard,7,7,13.02,4.51,48.94,1.39,Medium,1000.0,Consumer,On Time,0,2.0,0,0
ORD10832,2026-06-16,2026-06-17,same_day,2,3,4.53,9.53,556.87,0.44,Medium,500.0,Corporate,On Time,0,1.0,-1,1
ORD10833,2026-04-01,2026-04-04,second_class,4,2,23.7,16.83,259.41,2.37,Medium,750.0,Corporate,Late,1,3.0,2,0
ORD10834,2026-07-21,2026-07-22,standard,3,1,14.34,17.29,65.97,1.43,High,750.0,Corporate,Late,1,1.0,2,0
ORD10835,2026-03-31,2026-04-04,standard,5,5,12.46,4.26,34.73,1.37,High,1500.0,Consumer,On Time,0,4.0,0,0
ORD10836,2026-01-19,2026-01-20,standard,2,2,13.74,5.47,127.17,1.3,Low,500.0,Corporate,On Time,0,1.0,0,0
ORD10837,2026-02-08,2026-02-11,first_class,7,7,24.01,12.28,249.46,2.57,Medium,1500.0,Consumer,On Time,0,3.0,0,0
ORD10838,2026-05-06,2026-05-10,second_class,3,2,8.3,2.91,29.93,0.78,Medium,1000.0,Corporate,Late,1,4.0,1,0
ORD10839,2026-07-14,2026-07-18,first_class,8,7,4.87,1.78,54.66,0.53,Medium,1500.0,Home Office,Late,1,4.0,1,0
ORD10840,2026-06-22,2026-06-26,standard,2,1,10.02,6.68,47.98,1.11,Low,1000.0,Consumer,Late,1,4.0,1,0
ORD10841,2026-05-21,2026-05-23,second_class,7,7,17.37,8.03,210.65,2.2,High,1000.0,Home Office,On Time,0,2.0,0,0
ORD10842,2026-08-08,2026-08-11,standard,2,2,9.62,5.97,83.31,1.05,Low,750.0,Consumer,On Time,0,3.0,0,0
ORD10843,2026-05-06,2026-05-09,second_class,5,5,18.97,4.09,85.97,2.51,Medium,750.0,Corporate,On Time,0,3.0,0,0
ORD10844,2026-02-27,2026-03-03,second_class,7,6,20.07,7.94,125.34,1.92,Medium,750.0,Corporate,Late,1,4.0,1,0
ORD10845,2026-05-28,2026-05-29,standard,2,2,13.17,4.48,56.9,1.36,Low,750.0,Home Office,On Time,0,1.0,0,0
ORD10846,2026-08-08,2026-08-12,standard,8,7,19.81,5.49,37.23,1.81,High,750.0,Corporate,Late,1,4.0,1,0
ORD10847,2026-07-19,2026-07-21,second_class,6,6,14.48,5.19,307.13,1.97,High,500.0,Consumer,On Time,0,2.0,0,0
ORD10848,2026-03-02,2026-03-06,second_class,8,7,15.42,7.12,329.27,1.94,Medium,750.0,Corporate,Late,1,4.0,1,0
ORD10849,2026-05-07,2026-05-10,standard,6,5,19.47,3.37,125.8,1.85,Medium,1500.0,Corporate,Late,1,3.0,1,0
ORD10850,2026-04-15,2026-04-19,standard,7,7,16.01,6.67,132.84,1.87,Low,1000.0,Consumer,On Time,0,4.0,0,0
ORD10851,2026-06-16,2026-06-17,first_class,2,1,4.06,0.56,283.09,0.46,Medium,750.0,Home Office,Late,1,1.0,1,0
ORD10852,2026-01-01,2026-01-04,standard,3,3,42.41,2.64,123.65,4.06,Low,500.0,Home Office,On Time,0,3.0,0,0
ORD10853,2026-05-11,2026-05-12,standard,2,2,16.27,8.94,80.29,1.79,Medium,1500.0,Corporate,On Time,0,1.0,0,0
ORD10854,2026-07-24,2026-07-28,standard,3,3,7.66,4.59,113.24,0.99,High,1500.0,Consumer,On Time,0,4.0,0,0
ORD10855,2026-04-02,2026-04-05,standard,8,7,20.22,4.44,312.59,1.91,Low,1000.0,Home Office,Late,1,3.0,1,0
ORD10856,2026-07-09,2026-07-11,first_class,6,5,43.74,11.42,114.43,6.14,High,1500.0,Home Office,Late,1,2.0,1,0
ORD10857,2026-07-10,2026-07-13,same_day,2,2,9.07,13.93,66.55,0.86,Low,1500.0,Corporate,On Time,0,3.0,0,0
ORD10858,2026-04-23,2026-04-24,second_class,8,7,50.31,10.11,122.76,6.99,High,1500.0,Consumer,Late,1,1.0,1,0
ORD10859,2026-06-02,2026-06-05,standard,7,6,25.05,5.43,179.86,2.59,Low,1500.0,Home Office,Late,1,3.0,1,0
ORD10860,2026-02-25,2026-02-27,first_class,5,4,3.16,4.23,164.38,0.43,Medium,500.0,Corporate,Late,1,2.0,1,0
ORD10861,2026-06-10,2026-06-12,standard,7,7,52.57,3.49,166.44,5.35,Low,1000.0,Corporate,On Time,0,2.0,0,0
ORD10862,2026-06-15,2026-06-17,standard,3,3,3.19,7.08,59.14,0.45,High,750.0,Corporate,On Time,0,2.0,0,0
ORD10863,2026-04-27,2026-04-29,same_day,3,2,16.86,2.45,195.89,1.63,Medium,1500.0,Corporate,Late,1,2.0,1,0
ORD10864,2026-05-14,2026-05-15,standard,2,3,13.52,10.78,112.32,1.53,Low,500.0,Home Office,On Time,0,1.0,-1,0
ORD10865,2026-02-27,2026-03-02,same_day,2,2,6.41,8.37,64.47,0.87,Medium,1000.0,Consumer,On Time,0,3.0,0,0
ORD10866,2026-02-13,2026-02-17,standard,8,7,22.47,4.44,194.73,2.29,Medium,750.0,Corporate,Late,1,4.0,1,0
ORD10867,2026-06-22,2026-06-24,first_class,1,1,34.13,4.39,78.24,3.81,Medium,1000.0,Corporate,On Time,0,2.0,0,0
ORD10868,2026-06-09,2026-06-13,standard,8,6,4.35,4.36,33.76,0.56,High,500.0,Home Office,Late,1,4.0,2,0
ORD10869,2026-06-22,2026-06-26,standard,6,7,38.9,4.8,51.91,5.51,Medium,500.0,Corporate,On Time,0,4.0,-1,0
ORD10870,2026-03-02,2026-03-05,standard,5,3,24.84,6.2,95.94,2.86,Low,500.0,Corporate,Late,1,3.0,2,0
ORD10871,2026-02-16,2026-02-20,second_class,4,4,37.23,6.62,169.65,5.07,Low,1500.0,Consumer,On Time,0,4.0,0,0
ORD10872,2026-05-29,2026-06-02,second_class,3,4,14.66,15.77,57.51,1.99,Medium,500.0,Corporate,On Time,0,4.0,-1,0
ORD10873,2026-03-21,2026-03-22,second_class,5,5,51.8,6.19,91.79,6.42,Medium,750.0,Home Office,On Time,0,1.0,0,0
ORD10874,2026-04-28,2026-05-02,second_class,3,2,19.1,4.04,44.15,2.01,Medium,1500.0,Consumer,Late,1,4.0,1,0
ORD10875,2026-08-01,2026-08-04,second_class,4,3,18.43,14.3,229.64,2.02,Low,1000.0,Home Office,Late,1,3.0,1,0
ORD10876,2026-07-22,2026-07-26,standard,5,5,18.01,5.48,398.62,2.48,Medium,750.0,Consumer,On Time,0,4.0,0,1
ORD10877,2026-08-17,2026-08-20,standard,3,3,3.7,0.33,367.59,0.34,High,1500.0,Consumer,On Time,0,3.0,0,1
ORD10878,2026-06-13,2026-06-15,second_class,3,2,22.31,16.52,226.72,2.11,Low,500.0,Corporate,Late,1,2.0,1,0
ORD10879,2026-08-15,2026-08-19,first_class,7,7,5.68,2.64,209.95,0.71,Medium,1000.0,Corporate,On Time,0,4.0,0,0
ORD10880,2026-05-27,2026-05-31,second_class,8,7,6.62,7.8,23.25,0.88,Medium,500.0,Corporate,Late,1,4.0,1,0
ORD10881,2026-01-20,2026-01-24,standard,3,4,2.38,5.09,125.57,0.22,Medium,750.0,Home Office,On Time,0,4.0,-1,0
ORD10882,2026-07-04,,standard,8,7,2.92,5.7,75.79,0.33,Low,750.0,Corporate,Late,1,,1,0
ORD10883,2026-05-26,2026-05-27,same_day,8,7,33.65,3.01,212.8,4.08,Medium,1500.0,Corporate,Late,1,1.0,1,0
ORD10884,2026-02-16,2026-02-20,first_class,3,1,13.52,2.4,16.39,1.51,High,750.0,Consumer,Late,1,4.0,2,0
ORD10885,2026-08-21,2026-08-24,standard,5,4,18.84,11.15,127.07,1.87,Low,1000.0,Corporate,Late,1,3.0,1,0
ORD10886,2026-02-18,2026-02-19,second_class,5,5,28.37,5.85,93.61,3.7,Medium,1500.0,Corporate,On Time,0,1.0,0,0
ORD10887,2026-01-14,2026-01-15,same_day,6,6,8.12,4.8,254.38,0.81,Low,1000.0,Corporate,On Time,0,1.0,0,0
ORD10888,2026-05-23,2026-05-24,standard,2,1,9.32,4.88,351.07,0.93,Medium,500.0,Corporate,Late,1,1.0,1,0
ORD10889,2026-06-08,2026-06-12,second_class,5,5,30.02,11.77,54.78,3.28,Medium,1000.0,Consumer,On Time,0,4.0,0,0
ORD10890,2026-01-01,2026-01-03,same_day,3,2,10.79,2.67,56.67,1.03,Medium,1000.0,Corporate,Late,1,2.0,1,0
ORD10891,2026-04-27,2026-04-29,same_day,2,1,35.33,5.95,130.7,4.69,Low,750.0,Consumer,Late,1,2.0,1,0
ORD10892,2026-02-23,2026-02-27,same_day,5,5,14.91,6.9,403.56,1.59,Medium,500.0,Home Office,On Time,0,4.0,0,1
ORD10893,2026-04-28,2026-05-01,first_class,2,2,33.6,4.32,115.02,3.82,Medium,750.0,Corporate,On Time,0,3.0,0,0
ORD10894,2026-01-03,2026-01-06,standard,4,4,11.01,3.66,42.12,1.27,Medium,500.0,Corporate,On Time,0,3.0,0,0
ORD10895,2026-05-24,2026-05-27,standard,6,6,35.99,3.33,69.8,4.49,Medium,500.0,Corporate,On Time,0,3.0,0,0
ORD10896,2026-08-03,2026-08-07,standard,1,2,4.8,3.21,128.0,0.57,Medium,1000.0,Consumer,On Time,0,4.0,-1,0
ORD10897,2026-07-04,2026-07-06,standard,8,7,20.1,9.66,131.65,2.7,High,750.0,Corporate,Late,1,2.0,1,0
ORD10898,2026-07-22,2026-07-26,standard,3,3,10.34,2.15,64.84,1.29,Medium,1000.0,Corporate,On Time,0,4.0,0,0
ORD10899,2026-01-12,2026-01-14,standard,2,2,14.6,5.1,68.76,1.81,Medium,1000.0,Home Office,On Time,0,2.0,0,0
ORD10900,2026-03-15,2026-03-16,standard,2,2,24.53,6.59,52.66,2.48,High,1000.0,Consumer,On Time,0,1.0,0,0
ORD10901,2026-08-12,2026-08-16,standard,6,6,13.27,2.58,258.75,1.84,Low,500.0,Consumer,On Time,0,4.0,0,0
ORD10902,2026-01-16,2026-01-18,second_class,2,3,26.38,1.69,58.79,2.75,Low,750.0,Home Office,On Time,0,2.0,-1,0
ORD10903,2026-07-19,2026-07-20,standard,8,7,28.04,0.7,77.59,3.56,Medium,750.0,Consumer,Late,1,1.0,1,0
ORD10904,2026-04-12,2026-04-13,first_class,5,5,13.82,6.44,75.95,1.89,Medium,1000.0,Corporate,On Time,0,1.0,0,0
ORD10905,2026-07-23,2026-07-27,first_class,6,5,25.18,1.02,32.97,3.07,High,500.0,Corporate,Late,1,4.0,1,0
ORD10906,2026-06-01,2026-06-03,standard,3,2,12.16,18.07,57.54,1.54,High,750.0,Home Office,Late,1,2.0,1,0
ORD10907,2026-06-05,2026-06-06,same_day,5,3,15.42,7.77,276.19,1.81,Medium,1500.0,Consumer,Late,1,1.0,2,0
ORD10908,2026-04-27,2026-05-01,first_class,3,3,22.72,4.02,44.39,2.7,Medium,750.0,Consumer,On Time,0,4.0,0,0
ORD10909,2026-01-08,2026-01-09,standard,7,7,9.57,4.03,53.37,0.88,Medium,1000.0,Consumer,On Time,0,1.0,0,0
ORD10910,2026-05-02,2026-05-05,standard,6,6,4.21,6.55,40.47,0.39,Low,1500.0,Home Office,On Time,0,3.0,0,0
ORD10911,2026-04-02,2026-04-06,standard,4,4,7.92,4.18,102.72,0.9,Medium,500.0,Corporate,On Time,0,4.0,0,0
ORD10912,2026-06-13,2026-06-14,standard,6,5,10.32,0.85,452.19,1.01,Medium,1500.0,Home Office,Late,1,1.0,1,1
ORD10913,2026-03-31,2026-04-04,standard,7,6,29.31,1.35,99.53,4.16,Medium,1500.0,Corporate,Late,1,4.0,1,0
ORD10914,2026-05-16,2026-05-20,first_class,2,1,11.66,11.01,115.59,1.27,Low,1000.0,Home Office,Late,1,4.0,1,0
ORD10915,2026-07-05,2026-07-07,second_class,5,5,25.54,3.75,60.55,2.56,Low,750.0,Corporate,On Time,0,2.0,0,0
ORD10916,2026-03-01,2026-03-03,second_class,7,6,1.22,5.52,104.98,0.16,Low,500.0,Consumer,Late,1,2.0,1,0
ORD10917,2026-06-27,2026-06-28,standard,4,5,6.05,10.3,276.38,0.84,High,1500.0,Consumer,On Time,0,1.0,-1,0
ORD10918,2026-01-28,2026-02-01,standard,5,4,10.83,3.46,122.39,1.42,Low,1000.0,Consumer,Late,1,4.0,1,0
ORD10919,2026-08-08,2026-08-12,standard,2,1,37.29,0.78,543.93,4.25,High,750.0,Home Office,Late,1,4.0,1,1
ORD10920,2026-04-11,2026-04-14,standard,4,4,16.76,5.8,282.76,1.86,Medium,1500.0,Home Office,On Time,0,3.0,0,0
ORD10921,2026-02-10,2026-02-14,standard,7,7,6.53,6.74,103.05,0.77,Medium,1000.0,Home Office,On Time,0,4.0,0,0
ORD10922,2026-08-16,2026-08-18,second_class,2,1,2.69,2.66,75000.0,0.31,Medium,1000.0,Consumer,Late,1,2.0,1,1
ORD10923,2026-07-11,2026-07-15,standard,2,2,18.63,1.89,373.6,2.1,Medium,1000.0,Corporate,On Time,0,4.0,0,1
ORD10924,2026-06-04,2026-06-06,second_class,6,6,7.22,10.71,121.87,0.72,Medium,500.0,Consumer,On Time,0,2.0,0,0
ORD10925,2026-07-10,2026-07-13,standard,1,1,8.75,7.73,316.3,1.18,Medium,750.0,Consumer,On Time,0,3.0,0,0
ORD10926,2026-05-25,2026-05-26,same_day,7,7,6.33,3.58,493.82,0.63,Medium,1500.0,Corporate,On Time,0,1.0,0,1
ORD10927,2026-07-20,2026-07-22,first_class,8,7,7.32,1.73,94.33,0.75,Medium,750.0,Corporate,Late,1,2.0,1,0
ORD10928,2026-06-10,2026-06-11,second_class,5,4,5.14,8.74,143.16,0.52,Medium,750.0,Corporate,Late,1,1.0,1,0
ORD10929,2026-07-31,2026-08-01,standard,6,5,14.51,4.56,229.29,1.46,Low,1500.0,Corporate,Late,1,1.0,1,0
ORD10930,2026-07-24,2026-07-25,second_class,1,1,17.5,2.42,195.51,1.97,Medium,750.0,Consumer,On Time,0,1.0,0,0
ORD10931,2026-08-08,2026-08-09,second_class,7,6,7.46,8.18,194.49,0.95,High,500.0,Home Office,Late,1,1.0,1,0
ORD10932,2026-08-28,2026-08-30,second_class,2,1,42.72,4.88,40.44,4.67,Low,1500.0,Consumer,Late,1,2.0,1,0
ORD10933,2026-06-06,2026-06-09,first_class,3,3,21.51,7.0,58.19,1.99,Low,1500.0,Corporate,On Time,0,3.0,0,0
ORD10934,2026-05-21,2026-05-25,second_class,5,5,2.13,8.22,75.83,0.23,Low,1000.0,Home Office,On Time,0,4.0,0,0
ORD10935,2026-02-15,2026-02-17,standard,7,6,16.44,0.98,273.37,2.33,Medium,750.0,Home Office,Late,1,2.0,1,0
ORD10936,2026-02-04,2026-02-07,first_class,5,6,18.48,2.25,43.53,2.55,Low,1500.0,Consumer,On Time,0,3.0,-1,0
ORD10937,2026-05-14,2026-05-18,second_class,2,2,19.15,9.94,344.61,1.75,Medium,1500.0,Consumer,On Time,0,4.0,0,0
ORD10938,2026-03-23,2026-03-24,standard,4,4,14.45,7.61,197.33,1.98,Low,500.0,Consumer,On Time,0,1.0,0,0
ORD10939,2026-04-25,2026-04-29,standard,1,2,24.71,10.48,261.3,3.44,Low,1000.0,Home Office,On Time,0,4.0,-1,0
ORD10940,2026-07-16,2026-07-20,standard,6,6,30.63,3.02,54.75,3.64,Medium,1500.0,Home Office,On Time,0,4.0,0,0
ORD10941,2026-02-16,2026-02-19,second_class,5,5,21.61,5.12,116.07,1.99,Low,500.0,Home Office,On Time,0,3.0,0,0
ORD10942,2026-06-02,2026-06-06,standard,2,1,34.78,5.32,137.58,4.2,High,1500.0,Corporate,Late,1,4.0,1,0
ORD10943,2026-07-13,2026-07-14,standard,1,1,27.7,7.13,133.12,3.21,Low,1500.0,Corporate,On Time,0,1.0,0,0
ORD10944,2026-01-10,2026-01-12,standard,6,5,12.62,7.01,137.24,1.32,Medium,1500.0,Consumer,Late,1,2.0,1,0
ORD10945,2026-02-25,2026-02-27,second_class,6,6,19.09,9.44,89.35,2.69,Low,500.0,Home Office,On Time,0,2.0,0,0
ORD10946,2026-01-30,2026-02-02,standard,9,7,22.17,5.14,121.68,2.09,Medium,750.0,Consumer,Late,1,3.0,2,0
ORD10947,2026-04-19,2026-04-20,second_class,3,1,29.85,8.83,238.69,3.29,High,1500.0,Home Office,Late,1,1.0,2,0
ORD10948,2026-01-05,2026-01-06,standard,8,7,13.87,9.78,45.84,1.56,High,1500.0,Consumer,Late,1,1.0,1,0
ORD10949,2026-04-29,2026-05-03,second_class,2,1,18.04,5.11,350.83,1.73,Low,750.0,Corporate,Late,1,4.0,1,0
ORD10950,2026-02-02,2026-02-05,same_day,2,1,2.6,3.96,229.62,0.24,Medium,1500.0,Home Office,Late,1,3.0,1,0
ORD10951,2026-04-28,2026-04-29,standard,5,4,10.84,5.81,53.31,1.25,Medium,1000.0,Corporate,Late,1,1.0,1,0
ORD10952,2026-03-06,2026-03-07,standard,4,4,0.84,7.67,146.62,0.11,Low,1500.0,Home Office,On Time,0,1.0,0,0
ORD10953,2026-05-26,2026-05-27,second_class,3,3,7.12,29.52,216.18,0.69,Low,1000.0,Consumer,On Time,0,1.0,0,0
ORD10954,2026-08-12,2026-08-14,standard,3,2,8.72,6.01,43.53,1.01,High,750.0,Home Office,Late,1,2.0,1,0
ORD10955,2026-08-27,2026-08-29,standard,5,5,22.1,3.1,113.46,1.72,High,500.0,Corporate,On Time,0,2.0,0,0
ORD10956,2026-06-26,2026-06-28,second_class,6,5,8.15,0.64,103.66,0.75,High,750.0,Home Office,Late,1,2.0,1,0
ORD10957,2026-01-11,2026-01-15,same_day,6,5,14.54,9.73,67.75,1.95,Medium,1500.0,Consumer,Late,1,4.0,1,0
ORD10958,2026-03-26,2026-03-30,first_class,3,3,19.17,1.61,117.83,1.77,Medium,1000.0,Home Office,On Time,0,4.0,0,0
ORD10959,2026-01-26,2026-01-30,standard,5,4,14.21,25.55,70.09,1.68,Low,500.0,Corporate,Late,1,4.0,1,0
ORD10960,2026-03-04,2026-03-05,standard,6,6,9.52,7.44,308.19,0.99,Low,1500.0,Consumer,On Time,0,1.0,0,0
ORD10961,2026-08-05,2026-08-07,standard,7,7,39.01,17.75,68.72,5.46,Low,500.0,Corporate,On Time,0,2.0,0,0
ORD10962,2026-03-27,2026-03-28,second_class,7,7,25.67,10.12,199.14,2.43,Medium,500.0,Home Office,On Time,0,1.0,0,0
ORD10963,2026-02-28,2026-03-01,second_class,6,6,13.55,4.81,31.77,1.42,Medium,1500.0,Corporate,On Time,0,1.0,0,0
ORD10964,2026-01-27,2026-01-30,second_class,4,3,11.02,7.23,97.38,1.15,High,750.0,Home Office,Late,1,3.0,1,0
ORD10965,2026-06-26,2026-06-27,standard,7,6,18.66,2.47,110.97,1.76,High,1500.0,Consumer,Late,1,1.0,1,0
ORD10966,2026-07-24,2026-07-28,first_class,5,5,18.53,4.71,95.04,2.05,High,1500.0,Corporate,On Time,0,4.0,0,0
ORD10967,2026-06-10,2026-06-12,standard,3,2,16.1,7.51,81.68,1.86,High,750.0,Corporate,Late,1,2.0,1,0
ORD10968,2026-04-08,2026-04-10,standard,2,1,9.46,1.13,66.64,0.9,Low,1000.0,Home Office,Late,1,2.0,1,0
ORD10969,2026-04-15,2026-04-16,second_class,7,7,1.57,4.19,193.62,0.16,Medium,1500.0,Corporate,On Time,0,1.0,0,0
ORD10970,2026-04-09,2026-04-13,standard,4,4,18.52,9.43,232.66,1.72,Medium,500.0,Corporate,On Time,0,4.0,0,0
ORD10971,2026-05-09,2026-05-13,first_class,5,4,7.78,7.4,103.38,0.72,Low,1500.0,Consumer,Late,1,4.0,1,0
ORD10972,2026-05-29,2026-06-02,second_class,4,3,38.19,2.15,48.3,4.48,High,1500.0,Home Office,Late,1,4.0,1,0
ORD10973,2026-08-28,2026-08-30,same_day,4,4,5.85,12.31,422.19,0.67,High,500.0,Home Office,On Time,0,2.0,0,1
ORD10974,2026-02-24,2026-02-28,second_class,4,5,11.41,5.95,56.83,1.42,Low,750.0,Consumer,On Time,0,4.0,-1,0
ORD10975,2026-01-06,2026-01-10,second_class,8,7,37.43,2.86,36.8,3.88,Low,1000.0,Consumer,Late,1,4.0,1,0
ORD10976,2026-08-08,2026-08-09,first_class,7,6,11.35,1.12,24.3,1.34,Medium,1000.0,Home Office,Late,1,1.0,1,0
ORD10977,2026-07-28,2026-07-31,standard,5,5,7.83,11.21,118.46,0.77,Medium,500.0,Consumer,On Time,0,3.0,0,0
ORD10978,2026-07-16,2026-07-20,standard,4,3,29.79,12.11,93.4,3.98,High,750.0,Consumer,Late,1,4.0,1,0
ORD10979,2026-04-05,2026-04-06,first_class,5,5,35.46,8.71,238.23,4.75,Low,1500.0,Consumer,On Time,0,1.0,0,0
ORD10980,2026-05-13,2026-05-14,second_class,7,6,2.77,5.4,173.87,0.35,Low,1500.0,Home Office,Late,1,1.0,1,0
ORD10981,2026-04-12,2026-04-16,first_class,2,2,27.79,6.89,136.68,3.79,Low,1500.0,Consumer,On Time,0,4.0,0,0
ORD10982,2026-01-03,,standard,3,3,26.45,9.17,89.7,2.79,Low,1500.0,Corporate,On Time,0,,0,0
ORD10983,2026-06-30,2026-07-02,standard,2,2,13.19,3.41,252.77,1.74,Low,1500.0,Corporate,On Time,0,2.0,0,0
ORD10984,2026-01-23,2026-01-26,standard,3,1,15.42,3.86,446.1,0.78,High,500.0,Home Office,Late,1,3.0,2,1
ORD10985,2026-08-17,2026-08-21,second_class,3,2,39.11,6.46,234.33,5.54,Medium,1500.0,Consumer,Late,1,4.0,1,0
ORD10986,2026-02-22,2026-02-25,first_class,2,1,1.56,3.29,77.66,0.15,Medium,1500.0,Corporate,Late,1,3.0,1,0
ORD10987,2026-06-14,2026-06-15,second_class,2,1,7.69,3.39,197.59,0.75,Low,750.0,Home Office,Late,1,1.0,1,0
ORD10988,2026-07-21,2026-07-22,standard,2,2,24.48,6.64,81.32,3.2,Low,1500.0,Corporate,On Time,0,1.0,0,0
ORD10989,2026-07-21,2026-07-24,standard,4,3,2.76,11.05,48.0,0.28,High,1000.0,Consumer,Late,1,3.0,1,0
ORD10990,2026-03-24,2026-03-26,second_class,6,6,11.95,10.79,56.02,1.37,Medium,500.0,Home Office,On Time,0,2.0,0,0
ORD10991,2026-05-25,2026-05-28,second_class,6,5,15.42,5.77,84.05,1.67,Medium,500.0,Corporate,Late,1,3.0,1,0
ORD10992,2026-03-26,2026-03-30,standard,5,5,34.28,5.15,118.86,3.61,Medium,500.0,Home Office,On Time,0,4.0,0,0
ORD10993,2026-03-19,2026-03-21,first_class,6,6,24.56,13.52,515.65,3.18,Low,1000.0,Corporate,On Time,0,2.0,0,1
ORD10994,2026-07-20,2026-07-23,standard,7,7,25.75,8.33,56.75,2.57,Medium,1500.0,Corporate,On Time,0,3.0,0,0
ORD10995,2026-04-20,2026-04-23,second_class,8,7,2.99,1.78,296.67,0.42,Low,500.0,Consumer,Late,1,3.0,1,0
ORD10996,2026-01-01,2026-01-03,second_class,2,1,12.27,2.42,86.67,1.13,High,1000.0,Consumer,Late,1,2.0,1,0
ORD10997,2026-02-20,2026-02-23,second_class,2,1,20.35,8.89,24.23,2.79,Low,750.0,Corporate,Late,1,3.0,1,0
ORD10998,2026-06-22,2026-06-26,first_class,3,3,30.67,10.47,75.24,3.29,Medium,1500.0,Home Office,On Time,0,4.0,0,0
ORD10999,2026-07-24,2026-07-25,standard,5,4,4.47,0.85,265.74,0.42,Low,1000.0,Home Office,Late,1,1.0,1,0
ORD11000,2026-01-04,2026-01-08,first_class,2,2,11.68,5.06,142.38,1.66,Medium,1500.0,Consumer,On Time,0,4.0,0,0
